ori,des
Thrissur_Padavarad_I,E_Delhi_Airport_GW
Moga_Duneke_I,S_Delhi_Airport_GW
Dibrugarh_Mohanbari_H,E_Delhi_Airport_GW
Jorhat_Chokihaat_I,E_Delhi_Airport_GW
Solan_Deothi_I,S_Delhi_Airport_GW
Kurnool_Dinnedevrpdu_I,E_Delhi_Airport_GW
Eluru_AutoNagar_I,E_Delhi_Airport_GW
Hubli_Budarshingi_H,E_Delhi_Airport_GW
Satara_Ambedkarnagar_I,E_Delhi_Airport_GW
Delhi_MundkaIndustArea_I,S_Delhi_Airport_GW
Kollam_Kilikollur_H,E_Delhi_Airport_GW
Delhi_Shahdara_I,S_Delhi_Airport_GW
Bijapur_Mahalbhagayat_I,E_Delhi_Airport_GW
Moradabad_Menather_P,S_Delhi_Airport_GW
Delhi_MayapuriPhase1_I,S_Delhi_Airport_GW
Solapur_Balepeth_I,E_Delhi_Airport_GW
Meerut_Panchlikhurd_H,S_Delhi_Airport_GW
Delhi_UdhyogNgr_I,S_Delhi_Airport_GW
Jeypore_Bariniput_I,E_Delhi_Airport_GW
Jammu_Baribrahmana_H,S_Delhi_Airport_GW
Jammu_Baribrahmana_H,E_Delhi_Airport_GW
Pathankot_Kahanpur_H,S_Delhi_Airport_GW
Dahod_Vanzarwada_I,E_Delhi_Airport_GW
Kottayam_Ettumanoor_H,E_Delhi_Airport_GW
Jhajjar_Policeline_I,S_Delhi_Airport_GW
Angul_Durgavihar_I,E_Delhi_Airport_GW
Delhi_Okhla_I,S_Delhi_Airport_GW
Begusarai_Mohammadpur_I,E_Delhi_Airport_GW
Kendujhar_Jamunalia_I,E_Delhi_Airport_GW
Ranchi_Sidroll_H,E_Delhi_Airport_GW
Lakhisarai_Central_I_2,E_Delhi_Airport_GW
Jamshedpur_Asanbani_H,E_Delhi_Airport_GW
Chhapra_Ramnagar_I,E_Delhi_Airport_GW
Ahmednagar_Kedgaon_I,E_Delhi_Airport_GW
Bathinda_KrishnaNagar_I,S_Delhi_Airport_GW
Gurgaon_Sector18_I,S_Delhi_Airport_GW
Noida_Sector63D_I,S_Delhi_Airport_GW
Bhubaneswar_Bampakhuda_GW,E_Delhi_Airport_GW
Srinagar_Ladhoo_H,E_Delhi_Airport_GW
Raipur_Guma_H,E_Delhi_Airport_GW
Jalandhar_QajiMandi_P,S_Delhi_Airport_GW
Amritsar_VerkaBypss_I,S_Delhi_Airport_GW
Ghaziabad_Sahibabad_I,S_Delhi_Airport_GW
Goa_Hub,E_Delhi_Airport_GW
Varanasi_Birbhanpur_H,E_Delhi_Airport_GW
Behrampur_Mandiapalli_I,E_Delhi_Airport_GW
Noida_Sector63D_C,S_Delhi_Airport_GW
Sambalpur_Tentelpara_H,E_Delhi_Airport_GW
Mandi_Nerchowk_I,S_Delhi_Airport_GW
Rudrapur_Daanpur_H,S_Delhi_Airport_GW
Imphal_Takyel_I,E_Delhi_Airport_GW
Karnal_Kutail_H,S_Delhi_Airport_GW
Sonipat_WazidpurSaboli_P,S_Delhi_Airport_GW
Guntur_Kornepadu_I,E_Delhi_Airport_GW
Mangalore_Katipalla_H,E_Delhi_Airport_GW
Gurgaon_PalamVihar_C,S_Delhi_Airport_GW
Chandrapur_Wandhari_I,E_Delhi_Airport_GW
Rourkela_Panposh_I,E_Delhi_Airport_GW
Bangalore_Laggere_C,E_Delhi_Airport_GW
Mandsaur_Sindpan_I,E_Delhi_Airport_GW
Howrah_Prasastha_C,E_Delhi_Airport_GW
Mumbai_GavraiPada_C,E_Delhi_Airport_GW
Pune_Sutarwadi_C,E_Delhi_Airport_GW
Pune_Kondhwa_C,E_Delhi_Airport_GW
Pune_Dhanori_C,E_Delhi_Airport_GW
Thrissur_Padavarad_I,S_Gurgaon_Tauru_GW
Dibrugarh_Mohanbari_H,S_Gurgaon_Tauru_GW
Hubli_Budarshingi_H,S_Gurgaon_Tauru_GW
Satara_Ambedkarnagar_I,S_Gurgaon_Tauru_GW
Delhi_MundkaIndustArea_I,S_Gurgaon_Tauru_GW
Delhi_Shahdara_I,S_Gurgaon_Tauru_GW
Moradabad_Menather_P,S_Gurgaon_Tauru_GW
Delhi_MayapuriPhase1_I,S_Gurgaon_Tauru_GW
Meerut_Panchlikhurd_H,S_Gurgaon_Tauru_GW
Delhi_UdhyogNgr_I,S_Gurgaon_Tauru_GW
Jammu_Baribrahmana_H,S_Gurgaon_Tauru_GW
Pathankot_Kahanpur_H,S_Gurgaon_Tauru_GW
Jhajjar_Policeline_I,S_Gurgaon_Tauru_GW
Angul_Durgavihar_I,S_Gurgaon_Tauru_GW
Delhi_Okhla_I,S_Gurgaon_Tauru_GW
Begusarai_Mohammadpur_I,S_Gurgaon_Tauru_GW
Kendujhar_Jamunalia_I,S_Gurgaon_Tauru_GW
Ranchi_Sidroll_H,S_Gurgaon_Tauru_GW
Lakhisarai_Central_I_2,S_Gurgaon_Tauru_GW
Jamshedpur_Asanbani_H,S_Gurgaon_Tauru_GW
Chhapra_Ramnagar_I,S_Gurgaon_Tauru_GW
Bathinda_KrishnaNagar_I,S_Gurgaon_Tauru_GW
Gurgaon_Sector18_I,S_Gurgaon_Tauru_GW
Noida_Sector63D_I,S_Gurgaon_Tauru_GW
Bhubaneswar_Bampakhuda_GW,S_Gurgaon_Tauru_GW
Srinagar_Ladhoo_H,S_Gurgaon_Tauru_GW
Raipur_Guma_H,S_Gurgaon_Tauru_GW
Jalandhar_QajiMandi_P,S_Gurgaon_Tauru_GW
Amritsar_VerkaBypss_I,S_Gurgaon_Tauru_GW
Ghaziabad_Sahibabad_I,S_Gurgaon_Tauru_GW
Varanasi_Birbhanpur_H,S_Gurgaon_Tauru_GW
Behrampur_Mandiapalli_I,S_Gurgaon_Tauru_GW
Noida_Sector63D_C,S_Gurgaon_Tauru_GW
Rudrapur_Daanpur_H,S_Gurgaon_Tauru_GW
Karnal_Kutail_H,S_Gurgaon_Tauru_GW
Sonipat_WazidpurSaboli_P,S_Gurgaon_Tauru_GW
Mangalore_Katipalla_H,S_Gurgaon_Tauru_GW
Durgapur_Bamunara_I,S_Gurgaon_Tauru_GW
Chhindwara_Linga_I,S_Gurgaon_Tauru_GW
Bikaner_MurlidharColony_I,S_Gurgaon_Tauru_GW
Gorakhpur_Bhauwapar_H,S_Gurgaon_Tauru_GW
Purnia_Kasba_H,S_Gurgaon_Tauru_GW
Gaya_Kharanti_I,S_Gurgaon_Tauru_GW
Mainpuri_Bypassroad_I,S_Gurgaon_Tauru_GW
BilaspurHP_Temp_I,S_Gurgaon_Tauru_GW
Darbhanga_Madhpur_I,S_Gurgaon_Tauru_GW
Satna_Nazirabad_I,S_Gurgaon_Tauru_GW
Kannur_Koodali_H,S_Gurgaon_Tauru_GW
Allahabad_Rasulabad_H,S_Gurgaon_Tauru_GW
Hanumangarh_DhaanMandi_I,S_Gurgaon_Tauru_GW
Jabalpur_Timri_P,S_Gurgaon_Tauru_GW
Sasaram_Karwandiya_I,S_Gurgaon_Tauru_GW
Jhunjhunu_ShastriNagar_I,S_Gurgaon_Tauru_GW
Vapi_Valwada_H,S_Gurgaon_Tauru_GW
Ambikapur_Bouripara_I,S_Gurgaon_Tauru_GW
Agartala_UttarChampamura_I,S_Gurgaon_Tauru_GW
Aligarh_IndustrialEstate_I,S_Gurgaon_Tauru_GW
Kozhikode_Central_H,S_Gurgaon_Tauru_GW
Faizabad_DarshnNgr_I,S_Gurgaon_Tauru_GW
Dehradun_Badowala_H,S_Gurgaon_Tauru_GW
Silchar_Ambikapur_H,S_Gurgaon_Tauru_GW
Gwalior_PuraniChhawani_P,S_Gurgaon_Tauru_GW
Sikar_IndustrialArea_I,S_Gurgaon_Tauru_GW
Dhanbad_Tilabani_H,S_Gurgaon_Tauru_GW
Bareilly_Sathrapur_H,S_Gurgaon_Tauru_GW
Bilaspur_Parsada_I,S_Gurgaon_Tauru_GW
Saharanpur_Madhonagar_P,S_Gurgaon_Tauru_GW
Guna_Shahpur_H,S_Gurgaon_Tauru_GW
Gondia_Mundipar_I,S_Gurgaon_Tauru_GW
Jodhpur_BasniPhase2_P,S_Gurgaon_Tauru_GW
Gurgaon_PalamVihar_C,S_Gurgaon_Tauru_GW
Alwar_TuleraRoad_I,S_Gurgaon_Tauru_GW
Nagaon_Bangthai_H,S_Gurgaon_Tauru_GW
Renukoot_Murdhava_H,S_Gurgaon_Tauru_GW
Motihari_Chhatauni_H,S_Gurgaon_Tauru_GW
Muzaffarpur_Gobarsahi_H,S_Gurgaon_Tauru_GW
Bahraich_Dularpur_H,S_Gurgaon_Tauru_GW
Jhansi_Nandanpura_I,S_Gurgaon_Tauru_GW
Azamgarh_Kotwa_I,S_Gurgaon_Tauru_GW
Kanpur_DarshanPurwa_C,S_Gurgaon_Tauru_GW
Ahmedabad_Odhavestate_C,S_Gurgaon_Tauru_GW
Thrissur_Padavarad_I,E_Mumbai_Chndivli_PC
Satara_Ambedkarnagar_I,S_Mumbai_Chndivli_PC
Jeypore_Bariniput_I,E_Mumbai_Chndivli_PC
Kottayam_Ettumanoor_H,E_Mumbai_Chndivli_PC
Angul_Durgavihar_I,E_Mumbai_Chndivli_PC
Begusarai_Mohammadpur_I,E_Mumbai_Chndivli_PC
Ranchi_Sidroll_H,E_Mumbai_Chndivli_PC
Lakhisarai_Central_I_2,E_Mumbai_Chndivli_PC
Chhapra_Ramnagar_I,E_Mumbai_Chndivli_PC
Bhubaneswar_Bampakhuda_GW,E_Mumbai_Chndivli_PC
Raipur_Guma_H,E_Mumbai_Chndivli_PC
Raipur_Guma_H,S_Mumbai_Chndivli_PC
Goa_Hub,S_Mumbai_Chndivli_PC
Varanasi_Birbhanpur_H,E_Mumbai_Chndivli_PC
Imphal_Takyel_I,E_Mumbai_Chndivli_PC
Sonipat_WazidpurSaboli_P,S_Mumbai_Chndivli_PC
Mangalore_Katipalla_H,E_Mumbai_Chndivli_PC
Gorakhpur_Bhauwapar_H,E_Mumbai_Chndivli_PC
Gorakhpur_Bhauwapar_H,S_Mumbai_Chndivli_PC
Gaya_Kharanti_I,E_Mumbai_Chndivli_PC
Darbhanga_Madhpur_I,E_Mumbai_Chndivli_PC
Sasaram_Karwandiya_I,E_Mumbai_Chndivli_PC
Faizabad_DarshnNgr_I,E_Mumbai_Chndivli_PC
Gwalior_PuraniChhawani_P,E_Mumbai_Chndivli_PC
Dhanbad_Tilabani_H,E_Mumbai_Chndivli_PC
Renukoot_Murdhava_H,E_Mumbai_Chndivli_PC
Mumbai_MahapeMIDC_I,S_Mumbai_Chndivli_PC
Mumbai_SVRoad_I,S_Mumbai_Chndivli_PC
Motihari_Chhatauni_H,E_Mumbai_Chndivli_PC
Muzaffarpur_Gobarsahi_H,E_Mumbai_Chndivli_PC
Nashik_Satpurcolony_H,S_Mumbai_Chndivli_PC
Mumbai_Patlipada_I,S_Mumbai_Chndivli_PC
Mandsaur_Sindpan_I,E_Mumbai_Chndivli_PC
Mandsaur_Sindpan_I,S_Mumbai_Chndivli_PC
Bahraich_Dularpur_H,E_Mumbai_Chndivli_PC
Mumbai_Mirabhayandar_I,S_Mumbai_Chndivli_PC
Mumbai_GavraiPada_C,S_Mumbai_Chndivli_PC
Mumbai_Turbhe_C,S_Mumbai_Chndivli_PC
Mumbai_MahimJunction_C,S_Mumbai_Chndivli_PC
Mumbai_Kandivali_C,S_Mumbai_Chndivli_PC
Thrissur_Padavarad_I,S_Coimbatore_Kaniyur_H
Kollam_Kilikollur_H,S_Coimbatore_Kaniyur_H
Kottayam_Ettumanoor_H,S_Coimbatore_Kaniyur_H
Coimbatore_Vellakinar_C,S_Coimbatore_Kaniyur_H
Tirupur_RajivNagar_P,S_Coimbatore_Kaniyur_H
Thrissur_Padavarad_I,S_Kolkata_Dankuni_GW
Dibrugarh_Mohanbari_H,S_Kolkata_Dankuni_GW
Jorhat_Chokihaat_I,S_Kolkata_Dankuni_GW
Satara_Ambedkarnagar_I,S_Kolkata_Dankuni_GW
Kollam_Kilikollur_H,S_Kolkata_Dankuni_GW
Moradabad_Menather_P,S_Kolkata_Dankuni_GW
Meerut_Panchlikhurd_H,S_Kolkata_Dankuni_GW
Jeypore_Bariniput_I,S_Kolkata_Dankuni_GW
Jammu_Baribrahmana_H,S_Kolkata_Dankuni_GW
Jhajjar_Policeline_I,S_Kolkata_Dankuni_GW
Angul_Durgavihar_I,S_Kolkata_Dankuni_GW
Begusarai_Mohammadpur_I,S_Kolkata_Dankuni_GW
Kendujhar_Jamunalia_I,S_Kolkata_Dankuni_GW
Ranchi_Sidroll_H,S_Kolkata_Dankuni_GW
Lakhisarai_Central_I_2,S_Kolkata_Dankuni_GW
Jamshedpur_Asanbani_H,S_Kolkata_Dankuni_GW
Chhapra_Ramnagar_I,S_Kolkata_Dankuni_GW
Gurgaon_Sector18_I,S_Kolkata_Dankuni_GW
Bhubaneswar_Bampakhuda_GW,S_Kolkata_Dankuni_GW
Raipur_Guma_H,S_Kolkata_Dankuni_GW
Ghaziabad_Sahibabad_I,S_Kolkata_Dankuni_GW
Varanasi_Birbhanpur_H,S_Kolkata_Dankuni_GW
Behrampur_Mandiapalli_I,S_Kolkata_Dankuni_GW
Sambalpur_Tentelpara_H,S_Kolkata_Dankuni_GW
Rudrapur_Daanpur_H,S_Kolkata_Dankuni_GW
Imphal_Takyel_I,E_Kolkata_Dankuni_GW
Sonipat_WazidpurSaboli_P,S_Kolkata_Dankuni_GW
Durgapur_Bamunara_I,S_Kolkata_Dankuni_GW
Bikaner_MurlidharColony_I,S_Kolkata_Dankuni_GW
Gorakhpur_Bhauwapar_H,S_Kolkata_Dankuni_GW
Purnia_Kasba_H,S_Kolkata_Dankuni_GW
Gaya_Kharanti_I,S_Kolkata_Dankuni_GW
Darbhanga_Madhpur_I,S_Kolkata_Dankuni_GW
Sasaram_Karwandiya_I,S_Kolkata_Dankuni_GW
Vapi_Valwada_H,S_Kolkata_Dankuni_GW
Agartala_UttarChampamura_I,S_Kolkata_Dankuni_GW
Dehradun_Badowala_H,S_Kolkata_Dankuni_GW
Silchar_Ambikapur_H,S_Kolkata_Dankuni_GW
Gwalior_PuraniChhawani_P,S_Kolkata_Dankuni_GW
Sikar_IndustrialArea_I,S_Kolkata_Dankuni_GW
Dhanbad_Tilabani_H,S_Kolkata_Dankuni_GW
Bareilly_Sathrapur_H,S_Kolkata_Dankuni_GW
Nagaon_Bangthai_H,S_Kolkata_Dankuni_GW
Aurangabad_Gngapr_H,S_Kolkata_Dankuni_GW
Rourkela_Panposh_I,S_Kolkata_Dankuni_GW
Mayavaram_Kutrallam_I,S_Kolkata_Dankuni_GW
Vellore_Avrmpalyam_I,S_Kolkata_Dankuni_GW
Motihari_Chhatauni_H,S_Kolkata_Dankuni_GW
Muzaffarpur_Gobarsahi_H,S_Kolkata_Dankuni_GW
Mandsaur_Sindpan_I,S_Kolkata_Dankuni_GW
Bardhaman_Ulhas_I,S_Kolkata_Dankuni_GW
Malda_Tiakati_I,S_Kolkata_Dankuni_GW
Ajmer_Ratanzila_I,S_Kolkata_Dankuni_GW
Srikakulam_Etcherla_I,S_Kolkata_Dankuni_GW
Jhansi_Nandanpura_I,S_Kolkata_Dankuni_GW
Bhadrak_Mathasahi_I,S_Kolkata_Dankuni_GW
Azamgarh_Kotwa_I,S_Kolkata_Dankuni_GW
Howrah_Shibpur_C,S_Kolkata_Dankuni_GW
Krishnanagar_MallickPara_I,S_Kolkata_Dankuni_GW
Pali_SuryaColony_I,S_Kolkata_Dankuni_GW
Junagadh_Dolatpara_I,S_Kolkata_Dankuni_GW
Dimapur_VeterinaryColony_I,S_Kolkata_Dankuni_GW
Vadodara_Dashrath_H,S_Kolkata_Dankuni_GW
Kharagpur_Nimpura_I,S_Kolkata_Dankuni_GW
Howrah_Prasastha_C,S_Kolkata_Dankuni_GW
Kolkata_Paharpur_C,S_Kolkata_Dankuni_GW
Berhampore_Raninagar_I,S_Kolkata_Dankuni_GW
Thrissur_Padavarad_I,S_Chennai_Sriperumbudur_GW
Kollam_Kilikollur_H,S_Chennai_Sriperumbudur_GW
Mayavaram_Kutrallam_I,S_Chennai_Sriperumbudur_GW
Vellore_Avrmpalyam_I,S_Chennai_Sriperumbudur_GW
Ongole_Tangutur_H,S_Chennai_Sriperumbudur_GW
Viluppuram_GenjiRd_I,S_Chennai_Sriperumbudur_GW
Chennai_ExpressEstate_C,S_Chennai_Sriperumbudur_GW
Tirupati_RAgraharam_H,S_Chennai_Sriperumbudur_GW
Chennai_Guindy_C,S_Chennai_Sriperumbudur_GW
Nellore_Inamadagudu_I,S_Chennai_Sriperumbudur_GW
Chennai_Guindy_I,S_Chennai_Sriperumbudur_GW
Chennai_Mogappair_C,S_Chennai_Sriperumbudur_GW
Mumbai_Kandivali_C,S_Chennai_Sriperumbudur_GW
Moga_Duneke_I,S_Chandigarh_Rajpura_GW
Solan_Deothi_I,S_Chandigarh_Rajpura_GW
Hubli_Budarshingi_H,S_Chandigarh_Rajpura_GW
Satara_Ambedkarnagar_I,S_Chandigarh_Rajpura_GW
Moradabad_Menather_P,S_Chandigarh_Rajpura_GW
Jammu_Baribrahmana_H,S_Chandigarh_Rajpura_GW
Pathankot_Kahanpur_H,S_Chandigarh_Rajpura_GW
Dahod_Vanzarwada_I,S_Chandigarh_Rajpura_GW
Jhajjar_Policeline_I,S_Chandigarh_Rajpura_GW
Angul_Durgavihar_I,S_Chandigarh_Rajpura_GW
Begusarai_Mohammadpur_I,S_Chandigarh_Rajpura_GW
Bathinda_KrishnaNagar_I,S_Chandigarh_Rajpura_GW
Gurgaon_Sector18_I,S_Chandigarh_Rajpura_GW
Srinagar_Ladhoo_H,S_Chandigarh_Rajpura_GW
Raipur_Guma_H,S_Chandigarh_Rajpura_GW
Jalandhar_QajiMandi_P,S_Chandigarh_Rajpura_GW
Amritsar_VerkaBypss_I,S_Chandigarh_Rajpura_GW
Ghaziabad_Sahibabad_I,S_Chandigarh_Rajpura_GW
Varanasi_Birbhanpur_H,S_Chandigarh_Rajpura_GW
Mandi_Nerchowk_I,S_Chandigarh_Rajpura_GW
Karnal_Kutail_H,S_Chandigarh_Rajpura_GW
Sonipat_WazidpurSaboli_P,S_Chandigarh_Rajpura_GW
Mangalore_Katipalla_H,S_Chandigarh_Rajpura_GW
Bikaner_MurlidharColony_I,S_Chandigarh_Rajpura_GW
Gorakhpur_Bhauwapar_H,S_Chandigarh_Rajpura_GW
BilaspurHP_Temp_I,S_Chandigarh_Rajpura_GW
Darbhanga_Madhpur_I,S_Chandigarh_Rajpura_GW
Allahabad_Rasulabad_H,S_Chandigarh_Rajpura_GW
Hanumangarh_DhaanMandi_I,S_Chandigarh_Rajpura_GW
Sasaram_Karwandiya_I,S_Chandigarh_Rajpura_GW
Faizabad_DarshnNgr_I,S_Chandigarh_Rajpura_GW
Gwalior_PuraniChhawani_P,S_Chandigarh_Rajpura_GW
Bareilly_Sathrapur_H,S_Chandigarh_Rajpura_GW
Jodhpur_BasniPhase2_P,S_Chandigarh_Rajpura_GW
Gurgaon_PalamVihar_C,S_Chandigarh_Rajpura_GW
Alwar_TuleraRoad_I,S_Chandigarh_Rajpura_GW
Rourkela_Panposh_I,S_Chandigarh_Rajpura_GW
Mayavaram_Kutrallam_I,S_Chandigarh_Rajpura_GW
Mysore_Hebbalestate_H,S_Chandigarh_Rajpura_GW
Bangalore_HuskurRoad_C,S_Chandigarh_Rajpura_GW
Motihari_Chhatauni_H,S_Chandigarh_Rajpura_GW
Muzaffarpur_Gobarsahi_H,S_Chandigarh_Rajpura_GW
Mandsaur_Sindpan_I,S_Chandigarh_Rajpura_GW
Bardhaman_Ulhas_I,S_Chandigarh_Rajpura_GW
Krishnanagar_MallickPara_I,S_Chandigarh_Rajpura_GW
Kanpur_DarshanPurwa_C,S_Chandigarh_Rajpura_GW
Mumbai_Turbhe_C,S_Chandigarh_Rajpura_GW
Mumbai_MahimJunction_C,S_Chandigarh_Rajpura_GW
Mumbai_Kandivali_C,S_Chandigarh_Rajpura_GW
Ahmedabad_Thaltej_C,S_Chandigarh_Rajpura_GW
Ahmedabad_Odhavestate_C,S_Chandigarh_Rajpura_GW
Ahmedabad_SaraswatiNagar_C,S_Chandigarh_Rajpura_GW
Pune_Kondhwa_C,S_Chandigarh_Rajpura_GW
Hubli_Budarshingi_H,S_Bhiwandi_Lonad_GW
Satara_Ambedkarnagar_I,S_Bhiwandi_Lonad_GW
Bijapur_Mahalbhagayat_I,S_Bhiwandi_Lonad_GW
Solapur_Balepeth_I,S_Bhiwandi_Lonad_GW
Jeypore_Bariniput_I,S_Bhiwandi_Lonad_GW
Jammu_Baribrahmana_H,S_Bhiwandi_Lonad_GW
Dahod_Vanzarwada_I,S_Bhiwandi_Lonad_GW
Jhajjar_Policeline_I,S_Bhiwandi_Lonad_GW
Angul_Durgavihar_I,S_Bhiwandi_Lonad_GW
Begusarai_Mohammadpur_I,S_Bhiwandi_Lonad_GW
Ranchi_Sidroll_H,S_Bhiwandi_Lonad_GW
Ahmednagar_Kedgaon_I,S_Bhiwandi_Lonad_GW
Bathinda_KrishnaNagar_I,S_Bhiwandi_Lonad_GW
Bhubaneswar_Bampakhuda_GW,S_Bhiwandi_Lonad_GW
Raipur_Guma_H,S_Bhiwandi_Lonad_GW
Goa_Hub,S_Bhiwandi_Lonad_GW
Varanasi_Birbhanpur_H,S_Bhiwandi_Lonad_GW
Varanasi_Birbhanpur_H,E_Bhiwandi_Lonad_GW
Sambalpur_Tentelpara_H,S_Bhiwandi_Lonad_GW
Sonipat_WazidpurSaboli_P,S_Bhiwandi_Lonad_GW
Mangalore_Katipalla_H,E_Bhiwandi_Lonad_GW
Mangalore_Katipalla_H,S_Bhiwandi_Lonad_GW
Bikaner_MurlidharColony_I,S_Bhiwandi_Lonad_GW
Gorakhpur_Bhauwapar_H,S_Bhiwandi_Lonad_GW
Purnia_Kasba_H,S_Bhiwandi_Lonad_GW
Gaya_Kharanti_I,S_Bhiwandi_Lonad_GW
Darbhanga_Madhpur_I,S_Bhiwandi_Lonad_GW
Kannur_Koodali_H,S_Bhiwandi_Lonad_GW
Allahabad_Rasulabad_H,S_Bhiwandi_Lonad_GW
Sasaram_Karwandiya_I,S_Bhiwandi_Lonad_GW
Vapi_Valwada_H,S_Bhiwandi_Lonad_GW
Kozhikode_Central_H,S_Bhiwandi_Lonad_GW
Gwalior_PuraniChhawani_P,S_Bhiwandi_Lonad_GW
Sikar_IndustrialArea_I,S_Bhiwandi_Lonad_GW
Jodhpur_BasniPhase2_P,S_Bhiwandi_Lonad_GW
Alwar_TuleraRoad_I,S_Bhiwandi_Lonad_GW
Aurangabad_Gngapr_H,S_Bhiwandi_Lonad_GW
Rourkela_Panposh_I,S_Bhiwandi_Lonad_GW
Mayavaram_Kutrallam_I,S_Bhiwandi_Lonad_GW
Mysore_Hebbalestate_H,S_Bhiwandi_Lonad_GW
Krishnagiri_Bynapalli_I,S_Bhiwandi_Lonad_GW
Vellore_Avrmpalyam_I,S_Bhiwandi_Lonad_GW
Ongole_Tangutur_H,S_Bhiwandi_Lonad_GW
Mumbai_MahapeMIDC_I,S_Bhiwandi_Lonad_GW
Mumbai_SVRoad_I,S_Bhiwandi_Lonad_GW
Motihari_Chhatauni_H,S_Bhiwandi_Lonad_GW
Muzaffarpur_Gobarsahi_H,S_Bhiwandi_Lonad_GW
Nashik_Satpurcolony_H,S_Bhiwandi_Lonad_GW
Mumbai_Patlipada_I,S_Bhiwandi_Lonad_GW
Mandsaur_Sindpan_I,S_Bhiwandi_Lonad_GW
Mumbai_Mirabhayandar_I,S_Bhiwandi_Lonad_GW
Srikakulam_Etcherla_I,S_Bhiwandi_Lonad_GW
Jhansi_Nandanpura_I,S_Bhiwandi_Lonad_GW
Azamgarh_Kotwa_I,S_Bhiwandi_Lonad_GW
Pali_SuryaColony_I,S_Bhiwandi_Lonad_GW
Junagadh_Dolatpara_I,S_Bhiwandi_Lonad_GW
Vadodara_Dashrath_H,S_Bhiwandi_Lonad_GW
Belgaum_GandhiNgr_I,S_Bhiwandi_Lonad_GW
Gulbarga_Kapnoor_I,S_Bhiwandi_Lonad_GW
Bhavnagar_Chitra_I,S_Bhiwandi_Lonad_GW
Kota_Govindnagar_H,S_Bhiwandi_Lonad_GW
Udaipur_Balicha_H,S_Bhiwandi_Lonad_GW
Mumbai_GavraiPada_C,S_Bhiwandi_Lonad_GW
Bhilwara_RIICOIndArea_I,S_Bhiwandi_Lonad_GW
Vadodara_Tandalja_C,S_Bhiwandi_Lonad_GW
Jalgaon_MIDC_I,S_Bhiwandi_Lonad_GW
Akola_Midcphase3_H,S_Bhiwandi_Lonad_GW
Mumbai_Turbhe_C,S_Bhiwandi_Lonad_GW
Sendhwa_JawaharGanj_I,S_Bhiwandi_Lonad_GW
Mumbai_MahimJunction_C,S_Bhiwandi_Lonad_GW
Dhule_MohadiUpnagar_I,S_Bhiwandi_Lonad_GW
Mumbai_Kandivali_C,S_Bhiwandi_Lonad_GW
Mumbai_Kalachowki_I,S_Bhiwandi_Lonad_GW
Nanded_Wajegaon_H,S_Bhiwandi_Lonad_GW
Ahmedabad_Thaltej_C,S_Bhiwandi_Lonad_GW
Ahmedabad_Odhavestate_C,S_Bhiwandi_Lonad_GW
Ahmedabad_SaraswatiNagar_C,S_Bhiwandi_Lonad_GW
Pune_Sutarwadi_C,S_Bhiwandi_Lonad_GW
Pune_Kondhwa_C,S_Bhiwandi_Lonad_GW
Pune_Dhanori_C,S_Bhiwandi_Lonad_GW
Bikaner_MurlidharColony_I,S_Jaipur_Sez_GW
Mainpuri_Bypassroad_I,S_Jaipur_Sez_GW
Jhunjhunu_ShastriNagar_I,S_Jaipur_Sez_GW
Aligarh_IndustrialEstate_I,S_Jaipur_Sez_GW
Gwalior_PuraniChhawani_P,S_Jaipur_Sez_GW
Sikar_IndustrialArea_I,S_Jaipur_Sez_GW
Jodhpur_BasniPhase2_P,S_Jaipur_Sez_GW
Alwar_TuleraRoad_I,S_Jaipur_Sez_GW
Ajmer_Ratanzila_I,S_Jaipur_Sez_GW
Jhansi_Nandanpura_I,S_Jaipur_Sez_GW
Pali_SuryaColony_I,S_Jaipur_Sez_GW
Junagadh_Dolatpara_I,S_Jaipur_Sez_GW
Kota_Govindnagar_H,S_Jaipur_Sez_GW
Udaipur_Balicha_H,S_Jaipur_Sez_GW
Bhilwara_RIICOIndArea_I,S_Jaipur_Sez_GW
Jaipur_RingRoad_I,S_Jaipur_Sez_GW
Dibrugarh_Mohanbari_H,S_Siliguri_Fulbari_H
Jorhat_Chokihaat_I,S_Siliguri_Fulbari_H
Nagaon_Bangthai_H,S_Siliguri_Fulbari_H
Dimapur_VeterinaryColony_I,S_Siliguri_Fulbari_H
Dibrugarh_Mohanbari_H,S_Guwahati_Kaikchi_GW
Jorhat_Chokihaat_I,S_Guwahati_Kaikchi_GW
Imphal_Takyel_I,S_Guwahati_Kaikchi_GW
Agartala_UttarChampamura_I,S_Guwahati_Kaikchi_GW
Silchar_Ambikapur_H,S_Guwahati_Kaikchi_GW
Nagaon_Bangthai_H,S_Guwahati_Kaikchi_GW
Dimapur_VeterinaryColony_I,S_Guwahati_Kaikchi_GW
Barpeta_ShaktiNagar_C,S_Guwahati_Kaikchi_GW
Dibrugarh_Mohanbari_H,S_Kanpur_Kataraghan_H
Moradabad_Menather_P,S_Kanpur_Kataraghan_H
Lakhisarai_Central_I_2,S_Kanpur_Kataraghan_H
Chhapra_Ramnagar_I,S_Kanpur_Kataraghan_H
Varanasi_Birbhanpur_H,S_Kanpur_Kataraghan_H
Durgapur_Bamunara_I,S_Kanpur_Kataraghan_H
Gorakhpur_Bhauwapar_H,S_Kanpur_Kataraghan_H
Purnia_Kasba_H,S_Kanpur_Kataraghan_H
Satna_Nazirabad_I,S_Kanpur_Kataraghan_H
Allahabad_Rasulabad_H,S_Kanpur_Kataraghan_H
Sasaram_Karwandiya_I,S_Kanpur_Kataraghan_H
Faizabad_DarshnNgr_I,S_Kanpur_Kataraghan_H
Nagaon_Bangthai_H,S_Kanpur_Kataraghan_H
Renukoot_Murdhava_H,S_Kanpur_Kataraghan_H
Muzaffarpur_Gobarsahi_H,S_Kanpur_Kataraghan_H
Bahraich_Dularpur_H,S_Kanpur_Kataraghan_H
Azamgarh_Kotwa_I,S_Kanpur_Kataraghan_H
Dimapur_VeterinaryColony_I,S_Kanpur_Kataraghan_H
Kanpur_DarshanPurwa_C,S_Kanpur_Kataraghan_H
Bhavnagar_Chitra_I,S_Kanpur_Kataraghan_H
Jorhat_Chokihaat_I,S_Tezpur_Dipota_H
Dimapur_VeterinaryColony_I,S_Tezpur_Dipota_H
Kurnool_Dinnedevrpdu_I,S_Hyderabad_Shamshbd_P
Eluru_AutoNagar_I,S_Hyderabad_Shamshbd_P
Jeypore_Bariniput_I,S_Hyderabad_Shamshbd_P
Raipur_Guma_H,S_Hyderabad_Shamshbd_P
Guntur_Kornepadu_I,S_Hyderabad_Shamshbd_P
Bellary_Mundargi_I,S_Hyderabad_Shamshbd_P
Ongole_Tangutur_H,S_Hyderabad_Shamshbd_P
Srikakulam_Etcherla_I,S_Hyderabad_Shamshbd_P
Mancherial_Nuspur_I,S_Hyderabad_Shamshbd_P
Gulbarga_Kapnoor_I,S_Hyderabad_Shamshbd_P
Nalgonda_Duppalapally_I,S_Hyderabad_Shamshbd_P
KarimNagar_Alugunoor_I,S_Hyderabad_Shamshbd_P
Raichur_Wadloor_I,S_Hyderabad_Shamshbd_P
Khammam_Mudigonda_H,S_Hyderabad_Shamshbd_P
Hyderabad_Gudimalkapur_C,S_Hyderabad_Shamshbd_P
Hyderabad_Gudimalkapur_C,E_Hyderabad_Shamshbd_P
Nanded_Wajegaon_H,S_Hyderabad_Shamshbd_P
Kurnool_Dinnedevrpdu_I,S_Hyderabad_Medchal_GW
Hubli_Budarshingi_H,S_Bangalore_Soukyaroad_GW
Kollam_Kilikollur_H,S_Bangalore_Soukyaroad_GW
Kottayam_Ettumanoor_H,S_Bangalore_Soukyaroad_GW
Goa_Hub,E_Bangalore_Soukyaroad_GW
Mangalore_Katipalla_H,S_Bangalore_Soukyaroad_GW
Kannur_Koodali_H,S_Bangalore_Soukyaroad_GW
Kozhikode_Central_H,S_Bangalore_Soukyaroad_GW
Shimoga_Eshwariah_I,S_Bangalore_Soukyaroad_GW
Anantapur_AyyavaripalliRD_H,S_Bangalore_Soukyaroad_GW
Mayavaram_Kutrallam_I,S_Bangalore_Soukyaroad_GW
Tumkur_Thimmalapura_H,S_Bangalore_Soukyaroad_GW
Bangalore_Laggere_C,S_Bangalore_Soukyaroad_GW
Mysore_Hebbalestate_H,S_Bangalore_Soukyaroad_GW
Krishnagiri_Bynapalli_I,S_Bangalore_Soukyaroad_GW
Bangalore_BenniganaHalli_C,S_Bangalore_Soukyaroad_GW
Bangalore_BenniganaHalli_C,E_Bangalore_Soukyaroad_GW
Bangalore_Kempegowda_C,S_Bangalore_Soukyaroad_GW
Bangalore_Kempegowda_C,E_Bangalore_Soukyaroad_GW
Salem_Ramalingapuram_H,S_Bangalore_Soukyaroad_GW
Davangere_Industrialarea_I,S_Bangalore_Soukyaroad_GW
Vellore_Avrmpalyam_I,S_Bangalore_Soukyaroad_GW
Cuddapah_Aravindnagar_I,S_Bangalore_Soukyaroad_GW
Bangalore_HuskurRoad_C,S_Bangalore_Soukyaroad_GW
Bellary_Mundargi_I,S_Bangalore_Soukyaroad_GW
Hassan_Nagathavalli_I,S_Bangalore_Soukyaroad_GW
Ongole_Tangutur_H,S_Bangalore_Soukyaroad_GW
Belgaum_GandhiNgr_I,S_Bangalore_Soukyaroad_GW
Kannur_Koodali_H,S_Mangalore_Katipalla_H
Kozhikode_Central_H,S_Mangalore_Katipalla_H
Eluru_AutoNagar_I,S_Vijayawada_Gudavalli_H
Guntur_Kornepadu_I,S_Vijayawada_Gudavalli_H
Ongole_Tangutur_H,S_Vijayawada_Gudavalli_H
Eluru_AutoNagar_I,S_Hyderabad_Shamshbd_H
Guntur_Kornepadu_I,S_Hyderabad_Shamshbd_H
Mancherial_Nuspur_I,S_Hyderabad_Shamshbd_H
Nalgonda_Duppalapally_I,S_Hyderabad_Shamshbd_H
Raichur_Wadloor_I,S_Hyderabad_Shamshbd_H
Jammu_Baribrahmana_H,S_Meerut_Panchlikhurd_H
Bathinda_KrishnaNagar_I,S_Meerut_Panchlikhurd_H
Ghaziabad_Sahibabad_I,S_Meerut_Panchlikhurd_H
Mysore_Hebbalestate_H,S_Meerut_Panchlikhurd_H
Motihari_Chhatauni_H,S_Meerut_Panchlikhurd_H
Satara_Ambedkarnagar_I,S_Pune_Sudhwadi_GW
Bijapur_Mahalbhagayat_I,S_Pune_Sudhwadi_GW
Solapur_Balepeth_I,S_Pune_Sudhwadi_GW
Ahmednagar_Kedgaon_I,S_Pune_Sudhwadi_GW
Goa_Hub,S_Pune_Sudhwadi_GW
Aurangabad_Gngapr_H,S_Pune_Sudhwadi_GW
Pune_Dhanori_I,S_Pune_Sudhwadi_GW
Pune_Sutarwadi_C,S_Pune_Sudhwadi_GW
Pune_Kondhwa_C,S_Pune_Sudhwadi_GW
Pune_Dhanori_C,S_Pune_Sudhwadi_GW
Kollam_Kilikollur_H,S_Bangalore_Soukyaroad_I
Kozhikode_Central_H,S_Bangalore_Soukyaroad_I
Kollam_Kilikollur_H,S_Madurai_Avaniyapuram_H
Bijapur_Mahalbhagayat_I,S_Hubli_Budarshingi_H
Moradabad_Menather_P,S_Noida_Bairangpur_GW
Meerut_Panchlikhurd_H,S_Noida_Bairangpur_GW
Noida_Sector63D_I,S_Noida_Bairangpur_GW
Ghaziabad_Sahibabad_I,S_Noida_Bairangpur_GW
Rudrapur_Daanpur_H,S_Noida_Bairangpur_GW
Sonipat_WazidpurSaboli_P,S_Noida_Bairangpur_GW
Mainpuri_Bypassroad_I,S_Noida_Bairangpur_GW
Allahabad_Rasulabad_H,S_Noida_Bairangpur_GW
Aligarh_IndustrialEstate_I,S_Noida_Bairangpur_GW
Dehradun_Badowala_H,S_Noida_Bairangpur_GW
Bareilly_Sathrapur_H,S_Noida_Bairangpur_GW
Jeypore_Bariniput_I,S_Visakhapatnam_Duvvada_H
Bhubaneswar_Bampakhuda_GW,S_Visakhapatnam_Duvvada_H
Srikakulam_Etcherla_I,S_Visakhapatnam_Duvvada_H
Dahod_Vanzarwada_I,S_Nagpur_Khapari_GW
Angul_Durgavihar_I,S_Nagpur_Khapari_GW
Raipur_Guma_H,S_Nagpur_Khapari_GW
Sambalpur_Tentelpara_H,S_Nagpur_Khapari_GW
Chhindwara_Linga_I,S_Nagpur_Khapari_GW
Jabalpur_Timri_P,S_Nagpur_Khapari_GW
Ambikapur_Bouripara_I,S_Nagpur_Khapari_GW
Bilaspur_Parsada_I,S_Nagpur_Khapari_GW
Gondia_Mundipar_I,S_Nagpur_Khapari_GW
Chandrapur_Wandhari_I,S_Nagpur_Khapari_GW
Aurangabad_Gngapr_H,S_Nagpur_Khapari_GW
Shahdol_Jamui_I,S_Nagpur_Khapari_GW
Bhawanipatna_Dangaripadar_H,S_Nagpur_Khapari_GW
Rourkela_Panposh_I,S_Nagpur_Khapari_GW
Dahod_Vanzarwada_I,S_Ahmedabad_Kanera_GW
Junagadh_Dolatpara_I,S_Ahmedabad_Kanera_GW
Vadodara_Dashrath_H,S_Ahmedabad_Kanera_GW
Bhavnagar_Chitra_I,S_Ahmedabad_Kanera_GW
Udaipur_Balicha_H,S_Ahmedabad_Kanera_GW
Vadodara_Tandalja_C,S_Ahmedabad_Kanera_GW
Gandhidham_BharatNagar_I,S_Ahmedabad_Kanera_GW
Ahmedabad_Thaltej_H,S_Ahmedabad_Kanera_GW
Mehsana_DediysnGIDC_I,S_Ahmedabad_Kanera_GW
Ahmedabad_Thaltej_C,S_Ahmedabad_Kanera_GW
Ahmedabad_Odhavestate_C,S_Ahmedabad_Kanera_GW
Ahmedabad_SaraswatiNagar_C,S_Ahmedabad_Kanera_GW
Kendujhar_Jamunalia_I,S_Bhubaneswar_Bampakhuda_GW
Behrampur_Mandiapalli_I,S_Bhubaneswar_Bampakhuda_GW
Bhadrak_Mathasahi_I,S_Bhubaneswar_Bampakhuda_GW
Lakhisarai_Central_I_2,S_Patna_Sonagopalpur_H
Chhapra_Ramnagar_I,S_Patna_Sonagopalpur_H
Chhapra_Ramnagar_I,S_Gorakhpur_Bhauwapar_H
Raipur_Guma_H,E_Mumbai Hub
Chhindwara_Linga_I,S_Indore_BarodaArjun_H
Satna_Nazirabad_I,S_Indore_BarodaArjun_H
Jabalpur_Timri_P,S_Indore_BarodaArjun_H
Aligarh_IndustrialEstate_I,S_Indore_BarodaArjun_H
Gwalior_PuraniChhawani_P,S_Indore_BarodaArjun_H
Guna_Shahpur_H,S_Indore_BarodaArjun_H
Gondia_Mundipar_I,S_Indore_BarodaArjun_H
Shahdol_Jamui_I,S_Indore_BarodaArjun_H
Mandsaur_Sindpan_I,S_Indore_BarodaArjun_H
Kota_Govindnagar_H,S_Indore_BarodaArjun_H
Sendhwa_JawaharGanj_I,S_Indore_BarodaArjun_H
Chhindwara_Linga_I,S_Bhopal_Pipaliya_H
Jabalpur_Timri_P,S_Bhopal_Pipaliya_H
Gondia_Mundipar_I,S_Bhopal_Pipaliya_H
Shahdol_Jamui_I,S_Bhopal_Pipaliya_H
Bikaner_MurlidharColony_I,S_Surat_Kacholi_GW
Vapi_Valwada_H,S_Surat_Kacholi_GW
Sikar_IndustrialArea_I,S_Surat_Kacholi_GW
Guna_Shahpur_H,S_Surat_Kacholi_GW
Aurangabad_Gngapr_H,S_Surat_Kacholi_GW
Vadodara_Dashrath_H,S_Surat_Kacholi_GW
Vadodara_Tandalja_C,S_Surat_Kacholi_GW
Jalgaon_MIDC_I,S_Surat_Kacholi_GW
Sendhwa_JawaharGanj_I,S_Surat_Kacholi_GW
Dhule_MohadiUpnagar_I,S_Surat_Kacholi_GW
Nanded_Wajegaon_H,S_Surat_Kacholi_GW
Surat_Kacholi_I,S_Surat_Kacholi_GW
Gorakhpur_Bhauwapar_H,S_Lucknow_Memaura_H
Allahabad_Rasulabad_H,S_Lucknow_Memaura_H
Faizabad_DarshnNgr_I,S_Lucknow_Memaura_H
Motihari_Chhatauni_H,S_Lucknow_Memaura_H
Bahraich_Dularpur_H,S_Lucknow_Memaura_H
Jhansi_Nandanpura_I,S_Lucknow_Memaura_H
Kanpur_DarshanPurwa_C,S_Lucknow_Memaura_H
Gaya_Kharanti_I,S_Allahabad_Rasulabad_H
Mainpuri_Bypassroad_I,S_Agra_Jaupura_H
Allahabad_Rasulabad_H,S_Agra_Jaupura_H
Aligarh_IndustrialEstate_I,S_Agra_Jaupura_H
Gwalior_PuraniChhawani_P,S_Agra_Jaupura_H
Guna_Shahpur_H,S_Agra_Jaupura_H
Jhansi_Nandanpura_I,S_Agra_Jaupura_H
Hanumangarh_DhaanMandi_I,S_Hisar_Dabra_H
Ambikapur_Bouripara_I,S_Raipur_Guma_H
Bilaspur_Parsada_I,S_Raipur_Guma_H
Dhanbad_Tilabani_H,S_Ranchi_Sidroll_H
Rourkela_Panposh_I,S_Ranchi_Sidroll_H
Jodhpur_BasniPhase2_P,S_Udaipur_Balicha_H
Bhilwara_RIICOIndArea_I,S_Udaipur_Balicha_H
Shahdol_Jamui_I,S_Jabalpur_Timri_P
Shahdol_Jamui_I,S_Satna_Nazirabad_I
Bhawanipatna_Dangaripadar_H,S_Sambalpur_Tentelpara_H
Mayavaram_Kutrallam_I,S_Tiruchi_Navalur_H
Renukoot_Murdhava_H,S_Varanasi_Birbhanpur_H
Azamgarh_Kotwa_I,S_Varanasi_Birbhanpur_H
Belgaum_GandhiNgr_I,S_Kolhapur_HupariRd_H
Jalgaon_MIDC_I,S_Aurangabad_Gngapr_H
Nanded_Wajegaon_H,S_Aurangabad_Gngapr_H
Pune_Dhanori_C,S_Pune_Dhanori_I
Hyderabad_Shamshbd_P,S_Agra_Jaupura_H
Hyderabad_Shamshbd_P,E_Agra_Jaupura_H
Chandigarh_Rajpura_GW,S_Agra_Jaupura_H
Bhiwandi_Mega_GW,S_Agra_Jaupura_H
Bhiwandi_Mega_GW,E_Agra_Jaupura_H
Pune_Sudhwadi_GW,S_Agra_Jaupura_H
Pune_Sudhwadi_GW,E_Agra_Jaupura_H
Bangalore_Soukyaroad_GW,S_Agra_Jaupura_H
Bangalore_Soukyaroad_GW,E_Agra_Jaupura_H
Coimbatore_Kaniyur_H,S_Agra_Jaupura_H
Noida_Bairangpur_GW,S_Agra_Jaupura_H
Surat_Kacholi_GW,S_Agra_Jaupura_H
Indore_BarodaArjun_H,S_Agra_Jaupura_H
Chennai_Sriperumbudur_GW,S_Agra_Jaupura_H
Chennai_Sriperumbudur_GW,E_Agra_Jaupura_H
Hyderabad_Medchal_GW,E_Agra_Jaupura_H
Hyderabad_Medchal_GW,S_Agra_Jaupura_H
Bhiwandi_Lonad_GW,S_Agra_Jaupura_H
Bhiwandi_Lonad_GW,E_Agra_Jaupura_H
Faridabad_MathuraRoad_GW,S_Agra_Jaupura_H
Rajkot_Amargadh_H,S_Agra_Jaupura_H
Mumbai_Chndivli_PC,S_Agra_Jaupura_H
Patna_Sonagopalpur_H,S_Agra_Jaupura_H
Rajahmundry_Rajanagaram_H,S_Agra_Jaupura_H
Lucknow_Memaura_H,S_Agra_Jaupura_H
Bhopal_Pipaliya_H,S_Agra_Jaupura_H
Hyderabad_Shamshbd_P,E_Ahmedabad_Kanera_GW
Hyderabad_Shamshbd_P,S_Ahmedabad_Kanera_GW
Chandigarh_Rajpura_GW,S_Ahmedabad_Kanera_GW
Chandigarh_Rajpura_GW,E_Ahmedabad_Kanera_GW
Bhiwandi_Mega_GW,S_Ahmedabad_Kanera_GW
Pune_Sudhwadi_GW,S_Ahmedabad_Kanera_GW
Bangalore_Soukyaroad_GW,S_Ahmedabad_Kanera_GW
Bangalore_Soukyaroad_GW,E_Ahmedabad_Kanera_GW
Coimbatore_Kaniyur_H,S_Ahmedabad_Kanera_GW
Coimbatore_Kaniyur_H,E_Ahmedabad_Kanera_GW
Guwahati_Kaikchi_GW,S_Ahmedabad_Kanera_GW
Guwahati_Kaikchi_GW,E_Ahmedabad_Kanera_GW
Noida_Bairangpur_GW,S_Ahmedabad_Kanera_GW
Noida_Bairangpur_GW,E_Ahmedabad_Kanera_GW
Jaipur_Sez_GW,S_Ahmedabad_Kanera_GW
Indore_BarodaArjun_H,S_Ahmedabad_Kanera_GW
Siliguri_Fulbari_H,E_Ahmedabad_Kanera_GW
Siliguri_Fulbari_H,S_Ahmedabad_Kanera_GW
Chennai_Sriperumbudur_GW,E_Ahmedabad_Kanera_GW
Chennai_Sriperumbudur_GW,S_Ahmedabad_Kanera_GW
Nagpur_Khapari_GW,S_Ahmedabad_Kanera_GW
Hyderabad_Medchal_GW,S_Ahmedabad_Kanera_GW
Hyderabad_Medchal_GW,E_Ahmedabad_Kanera_GW
Bhiwandi_Lonad_GW,S_Ahmedabad_Kanera_GW
Faridabad_MathuraRoad_GW,E_Ahmedabad_Kanera_GW
Faridabad_MathuraRoad_GW,S_Ahmedabad_Kanera_GW
Rajkot_Amargadh_H,S_Ahmedabad_Kanera_GW
Rajkot_Amargadh_H,E_Ahmedabad_Kanera_GW
Kanpur_Kataraghan_H,S_Ahmedabad_Kanera_GW
Agra_Jaupura_H,S_Ahmedabad_Kanera_GW
Mumbai_Chndivli_PC,S_Ahmedabad_Kanera_GW
Tiruchi_Navalur_H,S_Ahmedabad_Kanera_GW
Patna_Sonagopalpur_H,S_Ahmedabad_Kanera_GW
Kolhapur_HupariRd_H,S_Ahmedabad_Kanera_GW
Aluva_Peedika_H,S_Ahmedabad_Kanera_GW
Lucknow_Memaura_H,S_Ahmedabad_Kanera_GW
Ludhiana_Khakat_H,S_Ahmedabad_Kanera_GW
Bhopal_Pipaliya_H,S_Ahmedabad_Kanera_GW
Tirunelveli_Krishnapuram_H,S_Ahmedabad_Kanera_GW
Hyderabad_Shamshbd_P,S_Aluva_Peedika_H
Chandigarh_Rajpura_GW,E_Aluva_Peedika_H
Chandigarh_Rajpura_GW,S_Aluva_Peedika_H
Bhiwandi_Mega_GW,S_Aluva_Peedika_H
Bhiwandi_Mega_GW,E_Aluva_Peedika_H
Pune_Sudhwadi_GW,S_Aluva_Peedika_H
Pune_Sudhwadi_GW,E_Aluva_Peedika_H
Bangalore_Soukyaroad_GW,S_Aluva_Peedika_H
Coimbatore_Kaniyur_H,S_Aluva_Peedika_H
Noida_Bairangpur_GW,S_Aluva_Peedika_H
Noida_Bairangpur_GW,E_Aluva_Peedika_H
Jaipur_Sez_GW,E_Aluva_Peedika_H
Surat_Kacholi_GW,S_Aluva_Peedika_H
Surat_Kacholi_GW,E_Aluva_Peedika_H
Ahmedabad_Kanera_GW,S_Aluva_Peedika_H
Ahmedabad_Kanera_GW,E_Aluva_Peedika_H
Indore_BarodaArjun_H,S_Aluva_Peedika_H
Indore_BarodaArjun_H,E_Aluva_Peedika_H
Chennai_Sriperumbudur_GW,S_Aluva_Peedika_H
Nagpur_Khapari_GW,S_Aluva_Peedika_H
Hyderabad_Medchal_GW,S_Aluva_Peedika_H
Bhiwandi_Lonad_GW,S_Aluva_Peedika_H
Bhiwandi_Lonad_GW,E_Aluva_Peedika_H
Faridabad_MathuraRoad_GW,E_Aluva_Peedika_H
Faridabad_MathuraRoad_GW,S_Aluva_Peedika_H
Rajkot_Amargadh_H,S_Aluva_Peedika_H
Mumbai_Chndivli_PC,S_Aluva_Peedika_H
Mumbai_Chndivli_PC,E_Aluva_Peedika_H
Tiruchi_Navalur_H,S_Aluva_Peedika_H
Patna_Sonagopalpur_H,E_Aluva_Peedika_H
Kolhapur_HupariRd_H,S_Aluva_Peedika_H
Rajahmundry_Rajanagaram_H,S_Aluva_Peedika_H
Bhopal_Pipaliya_H,S_Aluva_Peedika_H
Madurai_Avaniyapuram_H,S_Aluva_Peedika_H
Tirunelveli_Krishnapuram_H,S_Aluva_Peedika_H
Hyderabad_Shamshbd_P,S_Bhiwandi_Lonad_GW
Hyderabad_Shamshbd_P,E_Bhiwandi_Lonad_GW
Chandigarh_Rajpura_GW,S_Bhiwandi_Lonad_GW
Pune_Sudhwadi_GW,S_Bhiwandi_Lonad_GW
Bangalore_Soukyaroad_GW,S_Bhiwandi_Lonad_GW
Bangalore_Soukyaroad_GW,E_Bhiwandi_Lonad_GW
Coimbatore_Kaniyur_H,S_Bhiwandi_Lonad_GW
Coimbatore_Kaniyur_H,E_Bhiwandi_Lonad_GW
Guwahati_Kaikchi_GW,S_Bhiwandi_Lonad_GW
Noida_Bairangpur_GW,S_Bhiwandi_Lonad_GW
Noida_Bairangpur_GW,E_Bhiwandi_Lonad_GW
Jaipur_Sez_GW,S_Bhiwandi_Lonad_GW
Jaipur_Sez_GW,E_Bhiwandi_Lonad_GW
Surat_Kacholi_GW,S_Bhiwandi_Lonad_GW
Ahmedabad_Kanera_GW,S_Bhiwandi_Lonad_GW
Indore_BarodaArjun_H,S_Bhiwandi_Lonad_GW
Siliguri_Fulbari_H,E_Bhiwandi_Lonad_GW
Siliguri_Fulbari_H,S_Bhiwandi_Lonad_GW
Chennai_Sriperumbudur_GW,E_Bhiwandi_Lonad_GW
Chennai_Sriperumbudur_GW,S_Bhiwandi_Lonad_GW
Nagpur_Khapari_GW,S_Bhiwandi_Lonad_GW
Hyderabad_Medchal_GW,E_Bhiwandi_Lonad_GW
Hyderabad_Medchal_GW,S_Bhiwandi_Lonad_GW
Faridabad_MathuraRoad_GW,E_Bhiwandi_Lonad_GW
Faridabad_MathuraRoad_GW,S_Bhiwandi_Lonad_GW
Rajkot_Amargadh_H,S_Bhiwandi_Lonad_GW
Kanpur_Kataraghan_H,S_Bhiwandi_Lonad_GW
Agra_Jaupura_H,S_Bhiwandi_Lonad_GW
Mumbai_Chndivli_PC,S_Bhiwandi_Lonad_GW
Tiruchi_Navalur_H,S_Bhiwandi_Lonad_GW
Patna_Sonagopalpur_H,S_Bhiwandi_Lonad_GW
Kolhapur_HupariRd_H,S_Bhiwandi_Lonad_GW
Kolhapur_HupariRd_H,E_Bhiwandi_Lonad_GW
Rajahmundry_Rajanagaram_H,S_Bhiwandi_Lonad_GW
Aluva_Peedika_H,S_Bhiwandi_Lonad_GW
Aluva_Peedika_H,E_Bhiwandi_Lonad_GW
Lucknow_Memaura_H,S_Bhiwandi_Lonad_GW
Ludhiana_Khakat_H,S_Bhiwandi_Lonad_GW
Bhopal_Pipaliya_H,S_Bhiwandi_Lonad_GW
Vijayawada_Gudavalli_H,S_Bhiwandi_Lonad_GW
Vijayawada_Gudavalli_H,E_Bhiwandi_Lonad_GW
Madurai_Avaniyapuram_H,S_Bhiwandi_Lonad_GW
Tirunelveli_Krishnapuram_H,S_Bhiwandi_Lonad_GW
Hyderabad_Shamshbd_P,S_Chandigarh_Rajpura_I
Hyderabad_Shamshbd_P,E_Chandigarh_Rajpura_I
Bhiwandi_Mega_GW,E_Chandigarh_Rajpura_I
Bhiwandi_Mega_GW,S_Chandigarh_Rajpura_I
Pune_Sudhwadi_GW,S_Chandigarh_Rajpura_I
Bangalore_Soukyaroad_GW,S_Chandigarh_Rajpura_I
Bangalore_Soukyaroad_GW,E_Chandigarh_Rajpura_I
Coimbatore_Kaniyur_H,S_Chandigarh_Rajpura_I
Coimbatore_Kaniyur_H,E_Chandigarh_Rajpura_I
Jaipur_Sez_GW,S_Chandigarh_Rajpura_I
Surat_Kacholi_GW,S_Chandigarh_Rajpura_I
Ahmedabad_Kanera_GW,S_Chandigarh_Rajpura_I
Indore_BarodaArjun_H,S_Chandigarh_Rajpura_I
Siliguri_Fulbari_H,E_Chandigarh_Rajpura_I
Siliguri_Fulbari_H,S_Chandigarh_Rajpura_I
Chennai_Sriperumbudur_GW,E_Chandigarh_Rajpura_I
Chennai_Sriperumbudur_GW,S_Chandigarh_Rajpura_I
Nagpur_Khapari_GW,S_Chandigarh_Rajpura_I
Nagpur_Khapari_GW,E_Chandigarh_Rajpura_I
Hyderabad_Medchal_GW,E_Chandigarh_Rajpura_I
Hyderabad_Medchal_GW,S_Chandigarh_Rajpura_I
Bhiwandi_Lonad_GW,E_Chandigarh_Rajpura_I
Bhiwandi_Lonad_GW,S_Chandigarh_Rajpura_I
Rajkot_Amargadh_H,S_Chandigarh_Rajpura_I
Kanpur_Kataraghan_H,S_Chandigarh_Rajpura_I
Agra_Jaupura_H,S_Chandigarh_Rajpura_I
Mumbai_Chndivli_PC,E_Chandigarh_Rajpura_I
Mumbai_Chndivli_PC,S_Chandigarh_Rajpura_I
Ludhiana_Khakat_H,S_Chandigarh_Rajpura_I
Vijayawada_Gudavalli_H,S_Chandigarh_Rajpura_I
Hyderabad_Shamshbd_P,S_Chennai_Sriperumbudur_GW
Chandigarh_Rajpura_GW,E_Chennai_Sriperumbudur_GW
Chandigarh_Rajpura_GW,S_Chennai_Sriperumbudur_GW
Bhiwandi_Mega_GW,S_Chennai_Sriperumbudur_GW
Bhiwandi_Mega_GW,E_Chennai_Sriperumbudur_GW
Pune_Sudhwadi_GW,E_Chennai_Sriperumbudur_GW
Pune_Sudhwadi_GW,S_Chennai_Sriperumbudur_GW
Bangalore_Soukyaroad_GW,S_Chennai_Sriperumbudur_GW
Coimbatore_Kaniyur_H,S_Chennai_Sriperumbudur_GW
Noida_Bairangpur_GW,S_Chennai_Sriperumbudur_GW
Noida_Bairangpur_GW,E_Chennai_Sriperumbudur_GW
Jaipur_Sez_GW,E_Chennai_Sriperumbudur_GW
Jaipur_Sez_GW,S_Chennai_Sriperumbudur_GW
Surat_Kacholi_GW,E_Chennai_Sriperumbudur_GW
Surat_Kacholi_GW,S_Chennai_Sriperumbudur_GW
Ahmedabad_Kanera_GW,E_Chennai_Sriperumbudur_GW
Ahmedabad_Kanera_GW,S_Chennai_Sriperumbudur_GW
Indore_BarodaArjun_H,S_Chennai_Sriperumbudur_GW
Siliguri_Fulbari_H,E_Chennai_Sriperumbudur_GW
Siliguri_Fulbari_H,S_Chennai_Sriperumbudur_GW
Nagpur_Khapari_GW,S_Chennai_Sriperumbudur_GW
Hyderabad_Medchal_GW,S_Chennai_Sriperumbudur_GW
Bhiwandi_Lonad_GW,S_Chennai_Sriperumbudur_GW
Bhiwandi_Lonad_GW,E_Chennai_Sriperumbudur_GW
Faridabad_MathuraRoad_GW,E_Chennai_Sriperumbudur_GW
Faridabad_MathuraRoad_GW,S_Chennai_Sriperumbudur_GW
Rajkot_Amargadh_H,S_Chennai_Sriperumbudur_GW
Kanpur_Kataraghan_H,S_Chennai_Sriperumbudur_GW
Agra_Jaupura_H,S_Chennai_Sriperumbudur_GW
Mumbai_Chndivli_PC,S_Chennai_Sriperumbudur_GW
Mumbai_Chndivli_PC,E_Chennai_Sriperumbudur_GW
Tiruchi_Navalur_H,E_Chennai_Sriperumbudur_GW
Tiruchi_Navalur_H,S_Chennai_Sriperumbudur_GW
Patna_Sonagopalpur_H,S_Chennai_Sriperumbudur_GW
Kolhapur_HupariRd_H,S_Chennai_Sriperumbudur_GW
Rajahmundry_Rajanagaram_H,S_Chennai_Sriperumbudur_GW
Aluva_Peedika_H,S_Chennai_Sriperumbudur_GW
Lucknow_Memaura_H,S_Chennai_Sriperumbudur_GW
Ludhiana_Khakat_H,S_Chennai_Sriperumbudur_GW
Bhopal_Pipaliya_H,S_Chennai_Sriperumbudur_GW
Vijayawada_Gudavalli_H,E_Chennai_Sriperumbudur_GW
Vijayawada_Gudavalli_H,S_Chennai_Sriperumbudur_GW
Madurai_Avaniyapuram_H,E_Chennai_Sriperumbudur_GW
Madurai_Avaniyapuram_H,S_Chennai_Sriperumbudur_GW
Visakhapatnam_Duvvada_H,S_Chennai_Sriperumbudur_GW
Tirunelveli_Krishnapuram_H,E_Chennai_Sriperumbudur_GW
Tirunelveli_Krishnapuram_H,S_Chennai_Sriperumbudur_GW
Hyderabad_Shamshbd_P,S_Coimbatore_Kaniyur_H
Chandigarh_Rajpura_GW,S_Coimbatore_Kaniyur_H
Chandigarh_Rajpura_GW,E_Coimbatore_Kaniyur_H
Bhiwandi_Mega_GW,E_Coimbatore_Kaniyur_H
Bhiwandi_Mega_GW,S_Coimbatore_Kaniyur_H
Pune_Sudhwadi_GW,S_Coimbatore_Kaniyur_H
Pune_Sudhwadi_GW,E_Coimbatore_Kaniyur_H
Bangalore_Soukyaroad_GW,S_Coimbatore_Kaniyur_H
Noida_Bairangpur_GW,E_Coimbatore_Kaniyur_H
Noida_Bairangpur_GW,S_Coimbatore_Kaniyur_H
Jaipur_Sez_GW,E_Coimbatore_Kaniyur_H
Jaipur_Sez_GW,S_Coimbatore_Kaniyur_H
Surat_Kacholi_GW,E_Coimbatore_Kaniyur_H
Surat_Kacholi_GW,S_Coimbatore_Kaniyur_H
Ahmedabad_Kanera_GW,E_Coimbatore_Kaniyur_H
Ahmedabad_Kanera_GW,S_Coimbatore_Kaniyur_H
Indore_BarodaArjun_H,S_Coimbatore_Kaniyur_H
Indore_BarodaArjun_H,E_Coimbatore_Kaniyur_H
Chennai_Sriperumbudur_GW,S_Coimbatore_Kaniyur_H
Nagpur_Khapari_GW,S_Coimbatore_Kaniyur_H
Hyderabad_Medchal_GW,S_Coimbatore_Kaniyur_H
Bhiwandi_Lonad_GW,E_Coimbatore_Kaniyur_H
Bhiwandi_Lonad_GW,S_Coimbatore_Kaniyur_H
Faridabad_MathuraRoad_GW,S_Coimbatore_Kaniyur_H
Faridabad_MathuraRoad_GW,E_Coimbatore_Kaniyur_H
Rajkot_Amargadh_H,S_Coimbatore_Kaniyur_H
Kanpur_Kataraghan_H,S_Coimbatore_Kaniyur_H
Agra_Jaupura_H,S_Coimbatore_Kaniyur_H
Mumbai_Chndivli_PC,E_Coimbatore_Kaniyur_H
Mumbai_Chndivli_PC,S_Coimbatore_Kaniyur_H
Tiruchi_Navalur_H,S_Coimbatore_Kaniyur_H
Patna_Sonagopalpur_H,S_Coimbatore_Kaniyur_H
Kolhapur_HupariRd_H,S_Coimbatore_Kaniyur_H
Rajahmundry_Rajanagaram_H,S_Coimbatore_Kaniyur_H
Aluva_Peedika_H,S_Coimbatore_Kaniyur_H
Lucknow_Memaura_H,S_Coimbatore_Kaniyur_H
Ludhiana_Khakat_H,S_Coimbatore_Kaniyur_H
Bhopal_Pipaliya_H,S_Coimbatore_Kaniyur_H
Vijayawada_Gudavalli_H,S_Coimbatore_Kaniyur_H
Madurai_Avaniyapuram_H,S_Coimbatore_Kaniyur_H
Visakhapatnam_Duvvada_H,S_Coimbatore_Kaniyur_H
Tirunelveli_Krishnapuram_H,S_Coimbatore_Kaniyur_H
Hyderabad_Shamshbd_P,E_Delhi_Airport_GW
Chandigarh_Rajpura_GW,E_Delhi_Airport_GW
Bhiwandi_Mega_GW,E_Delhi_Airport_GW
Pune_Sudhwadi_GW,E_Delhi_Airport_GW
Bangalore_Soukyaroad_GW,E_Delhi_Airport_GW
Coimbatore_Kaniyur_H,E_Delhi_Airport_GW
Guwahati_Kaikchi_GW,E_Delhi_Airport_GW
Surat_Kacholi_GW,E_Delhi_Airport_GW
Indore_BarodaArjun_H,E_Delhi_Airport_GW
Indore_BarodaArjun_H,S_Delhi_Airport_GW
Siliguri_Fulbari_H,E_Delhi_Airport_GW
Chennai_Sriperumbudur_GW,E_Delhi_Airport_GW
Nagpur_Khapari_GW,S_Delhi_Airport_GW
Hyderabad_Medchal_GW,E_Delhi_Airport_GW
Bhiwandi_Lonad_GW,E_Delhi_Airport_GW
Rajkot_Amargadh_H,S_Delhi_Airport_GW
Kanpur_Kataraghan_H,S_Delhi_Airport_GW
Kanpur_Kataraghan_H,E_Delhi_Airport_GW
Agra_Jaupura_H,E_Delhi_Airport_GW
Mumbai_Chndivli_PC,E_Delhi_Airport_GW
Patna_Sonagopalpur_H,E_Delhi_Airport_GW
Kolhapur_HupariRd_H,E_Delhi_Airport_GW
Rajahmundry_Rajanagaram_H,E_Delhi_Airport_GW
Aluva_Peedika_H,E_Delhi_Airport_GW
Lucknow_Memaura_H,E_Delhi_Airport_GW
Ludhiana_Khakat_H,E_Delhi_Airport_GW
Bhopal_Pipaliya_H,E_Delhi_Airport_GW
Vijayawada_Gudavalli_H,E_Delhi_Airport_GW
Visakhapatnam_Duvvada_H,E_Delhi_Airport_GW
Hyderabad_Shamshbd_P,S_Gurgaon_Tauru_GW
Chandigarh_Rajpura_GW,S_Gurgaon_Tauru_GW
Bhiwandi_Mega_GW,S_Gurgaon_Tauru_GW
Bhiwandi_Mega_GW,E_Gurgaon_Tauru_GW
Pune_Sudhwadi_GW,S_Gurgaon_Tauru_GW
Bangalore_Soukyaroad_GW,S_Gurgaon_Tauru_GW
Coimbatore_Kaniyur_H,S_Gurgaon_Tauru_GW
Guwahati_Kaikchi_GW,S_Gurgaon_Tauru_GW
Jaipur_Sez_GW,S_Gurgaon_Tauru_GW
Surat_Kacholi_GW,S_Gurgaon_Tauru_GW
Ahmedabad_Kanera_GW,S_Gurgaon_Tauru_GW
Indore_BarodaArjun_H,S_Gurgaon_Tauru_GW
Siliguri_Fulbari_H,E_Gurgaon_Tauru_GW
Siliguri_Fulbari_H,S_Gurgaon_Tauru_GW
Chennai_Sriperumbudur_GW,E_Gurgaon_Tauru_GW
Chennai_Sriperumbudur_GW,S_Gurgaon_Tauru_GW
Nagpur_Khapari_GW,S_Gurgaon_Tauru_GW
Hyderabad_Medchal_GW,S_Gurgaon_Tauru_GW
Bhiwandi_Lonad_GW,S_Gurgaon_Tauru_GW
Bhiwandi_Lonad_GW,E_Gurgaon_Tauru_GW
Rajkot_Amargadh_H,S_Gurgaon_Tauru_GW
Kanpur_Kataraghan_H,S_Gurgaon_Tauru_GW
Agra_Jaupura_H,S_Gurgaon_Tauru_GW
Mumbai_Chndivli_PC,S_Gurgaon_Tauru_GW
Patna_Sonagopalpur_H,S_Gurgaon_Tauru_GW
Kolhapur_HupariRd_H,S_Gurgaon_Tauru_GW
Rajahmundry_Rajanagaram_H,S_Gurgaon_Tauru_GW
Aluva_Peedika_H,S_Gurgaon_Tauru_GW
Lucknow_Memaura_H,S_Gurgaon_Tauru_GW
Ludhiana_Khakat_H,S_Gurgaon_Tauru_GW
Bhopal_Pipaliya_H,S_Gurgaon_Tauru_GW
Visakhapatnam_Duvvada_H,S_Gurgaon_Tauru_GW
Hyderabad_Shamshbd_P,E_Guwahati_Kaikchi_GW
Hyderabad_Shamshbd_P,S_Guwahati_Kaikchi_GW
Chandigarh_Rajpura_GW,S_Guwahati_Kaikchi_GW
Chandigarh_Rajpura_GW,E_Guwahati_Kaikchi_GW
Bhiwandi_Mega_GW,S_Guwahati_Kaikchi_GW
Bhiwandi_Mega_GW,E_Guwahati_Kaikchi_GW
Pune_Sudhwadi_GW,E_Guwahati_Kaikchi_GW
Pune_Sudhwadi_GW,S_Guwahati_Kaikchi_GW
Bangalore_Soukyaroad_GW,S_Guwahati_Kaikchi_GW
Bangalore_Soukyaroad_GW,E_Guwahati_Kaikchi_GW
Coimbatore_Kaniyur_H,S_Guwahati_Kaikchi_GW
Coimbatore_Kaniyur_H,E_Guwahati_Kaikchi_GW
Noida_Bairangpur_GW,E_Guwahati_Kaikchi_GW
Noida_Bairangpur_GW,S_Guwahati_Kaikchi_GW
Jaipur_Sez_GW,E_Guwahati_Kaikchi_GW
Jaipur_Sez_GW,S_Guwahati_Kaikchi_GW
Surat_Kacholi_GW,E_Guwahati_Kaikchi_GW
Surat_Kacholi_GW,S_Guwahati_Kaikchi_GW
Ahmedabad_Kanera_GW,E_Guwahati_Kaikchi_GW
Ahmedabad_Kanera_GW,S_Guwahati_Kaikchi_GW
Indore_BarodaArjun_H,S_Guwahati_Kaikchi_GW
Indore_BarodaArjun_H,E_Guwahati_Kaikchi_GW
Siliguri_Fulbari_H,S_Guwahati_Kaikchi_GW
Chennai_Sriperumbudur_GW,S_Guwahati_Kaikchi_GW
Chennai_Sriperumbudur_GW,E_Guwahati_Kaikchi_GW
Hyderabad_Medchal_GW,E_Guwahati_Kaikchi_GW
Hyderabad_Medchal_GW,S_Guwahati_Kaikchi_GW
Bhiwandi_Lonad_GW,S_Guwahati_Kaikchi_GW
Bhiwandi_Lonad_GW,E_Guwahati_Kaikchi_GW
Faridabad_MathuraRoad_GW,E_Guwahati_Kaikchi_GW
Faridabad_MathuraRoad_GW,S_Guwahati_Kaikchi_GW
Rajkot_Amargadh_H,S_Guwahati_Kaikchi_GW
Kanpur_Kataraghan_H,S_Guwahati_Kaikchi_GW
Agra_Jaupura_H,S_Guwahati_Kaikchi_GW
Agra_Jaupura_H,E_Guwahati_Kaikchi_GW
Mumbai_Chndivli_PC,E_Guwahati_Kaikchi_GW
Mumbai_Chndivli_PC,S_Guwahati_Kaikchi_GW
Tiruchi_Navalur_H,E_Guwahati_Kaikchi_GW
Madurai_Avaniyapuram_H,E_Guwahati_Kaikchi_GW
Tirunelveli_Krishnapuram_H,E_Guwahati_Kaikchi_GW
Hyderabad_Shamshbd_P,E_Hisar_Dabra_H
Hyderabad_Shamshbd_P,S_Hisar_Dabra_H
Chandigarh_Rajpura_GW,S_Hisar_Dabra_H
Bhiwandi_Mega_GW,S_Hisar_Dabra_H
Bhiwandi_Mega_GW,E_Hisar_Dabra_H
Pune_Sudhwadi_GW,S_Hisar_Dabra_H
Pune_Sudhwadi_GW,E_Hisar_Dabra_H
Bangalore_Soukyaroad_GW,S_Hisar_Dabra_H
Bangalore_Soukyaroad_GW,E_Hisar_Dabra_H
Noida_Bairangpur_GW,S_Hisar_Dabra_H
Surat_Kacholi_GW,S_Hisar_Dabra_H
Indore_BarodaArjun_H,S_Hisar_Dabra_H
Chennai_Sriperumbudur_GW,S_Hisar_Dabra_H
Chennai_Sriperumbudur_GW,E_Hisar_Dabra_H
Hyderabad_Medchal_GW,S_Hisar_Dabra_H
Hyderabad_Medchal_GW,E_Hisar_Dabra_H
Bhiwandi_Lonad_GW,S_Hisar_Dabra_H
Bhiwandi_Lonad_GW,E_Hisar_Dabra_H
Faridabad_MathuraRoad_GW,S_Hisar_Dabra_H
Rajkot_Amargadh_H,S_Hisar_Dabra_H
Agra_Jaupura_H,S_Hisar_Dabra_H
Mumbai_Chndivli_PC,S_Hisar_Dabra_H
Mumbai_Chndivli_PC,E_Hisar_Dabra_H
Ludhiana_Khakat_H,S_Hisar_Dabra_H
Hyderabad_Shamshbd_P,E_Indore_BarodaArjun_H
Hyderabad_Shamshbd_P,S_Indore_BarodaArjun_H
Chandigarh_Rajpura_GW,S_Indore_BarodaArjun_H
Bhiwandi_Mega_GW,S_Indore_BarodaArjun_H
Pune_Sudhwadi_GW,S_Indore_BarodaArjun_H
Bangalore_Soukyaroad_GW,E_Indore_BarodaArjun_H
Bangalore_Soukyaroad_GW,S_Indore_BarodaArjun_H
Coimbatore_Kaniyur_H,S_Indore_BarodaArjun_H
Noida_Bairangpur_GW,S_Indore_BarodaArjun_H
Noida_Bairangpur_GW,E_Indore_BarodaArjun_H
Jaipur_Sez_GW,S_Indore_BarodaArjun_H
Surat_Kacholi_GW,S_Indore_BarodaArjun_H
Ahmedabad_Kanera_GW,S_Indore_BarodaArjun_H
Siliguri_Fulbari_H,S_Indore_BarodaArjun_H
Chennai_Sriperumbudur_GW,S_Indore_BarodaArjun_H
Chennai_Sriperumbudur_GW,E_Indore_BarodaArjun_H
Nagpur_Khapari_GW,S_Indore_BarodaArjun_H
Hyderabad_Medchal_GW,E_Indore_BarodaArjun_H
Hyderabad_Medchal_GW,S_Indore_BarodaArjun_H
Bhiwandi_Lonad_GW,S_Indore_BarodaArjun_H
Faridabad_MathuraRoad_GW,E_Indore_BarodaArjun_H
Faridabad_MathuraRoad_GW,S_Indore_BarodaArjun_H
Rajkot_Amargadh_H,S_Indore_BarodaArjun_H
Kanpur_Kataraghan_H,E_Indore_BarodaArjun_H
Kanpur_Kataraghan_H,S_Indore_BarodaArjun_H
Agra_Jaupura_H,S_Indore_BarodaArjun_H
Mumbai_Chndivli_PC,S_Indore_BarodaArjun_H
Tiruchi_Navalur_H,S_Indore_BarodaArjun_H
Patna_Sonagopalpur_H,S_Indore_BarodaArjun_H
Kolhapur_HupariRd_H,S_Indore_BarodaArjun_H
Rajahmundry_Rajanagaram_H,E_Indore_BarodaArjun_H
Rajahmundry_Rajanagaram_H,S_Indore_BarodaArjun_H
Lucknow_Memaura_H,S_Indore_BarodaArjun_H
Ludhiana_Khakat_H,S_Indore_BarodaArjun_H
Bhopal_Pipaliya_H,S_Indore_BarodaArjun_H
Tirunelveli_Krishnapuram_H,S_Indore_BarodaArjun_H
Hyderabad_Shamshbd_P,S_Kanpur_Kataraghan_H
Hyderabad_Shamshbd_P,E_Kanpur_Kataraghan_H
Chandigarh_Rajpura_GW,S_Kanpur_Kataraghan_H
Bhiwandi_Mega_GW,E_Kanpur_Kataraghan_H
Bhiwandi_Mega_GW,S_Kanpur_Kataraghan_H
Pune_Sudhwadi_GW,E_Kanpur_Kataraghan_H
Pune_Sudhwadi_GW,S_Kanpur_Kataraghan_H
Bangalore_Soukyaroad_GW,E_Kanpur_Kataraghan_H
Bangalore_Soukyaroad_GW,S_Kanpur_Kataraghan_H
Coimbatore_Kaniyur_H,S_Kanpur_Kataraghan_H
Guwahati_Kaikchi_GW,S_Kanpur_Kataraghan_H
Jaipur_Sez_GW,S_Kanpur_Kataraghan_H
Surat_Kacholi_GW,S_Kanpur_Kataraghan_H
Ahmedabad_Kanera_GW,S_Kanpur_Kataraghan_H
Indore_BarodaArjun_H,S_Kanpur_Kataraghan_H
Siliguri_Fulbari_H,S_Kanpur_Kataraghan_H
Chennai_Sriperumbudur_GW,E_Kanpur_Kataraghan_H
Chennai_Sriperumbudur_GW,S_Kanpur_Kataraghan_H
Nagpur_Khapari_GW,S_Kanpur_Kataraghan_H
Hyderabad_Medchal_GW,S_Kanpur_Kataraghan_H
Hyderabad_Medchal_GW,E_Kanpur_Kataraghan_H
Bhiwandi_Lonad_GW,E_Kanpur_Kataraghan_H
Bhiwandi_Lonad_GW,S_Kanpur_Kataraghan_H
Rajkot_Amargadh_H,S_Kanpur_Kataraghan_H
Agra_Jaupura_H,S_Kanpur_Kataraghan_H
Mumbai_Chndivli_PC,E_Kanpur_Kataraghan_H
Mumbai_Chndivli_PC,S_Kanpur_Kataraghan_H
Patna_Sonagopalpur_H,S_Kanpur_Kataraghan_H
Kolhapur_HupariRd_H,S_Kanpur_Kataraghan_H
Lucknow_Memaura_H,S_Kanpur_Kataraghan_H
Ludhiana_Khakat_H,S_Kanpur_Kataraghan_H
Bhopal_Pipaliya_H,S_Kanpur_Kataraghan_H
Vijayawada_Gudavalli_H,S_Kanpur_Kataraghan_H
Tirunelveli_Krishnapuram_H,S_Kanpur_Kataraghan_H
Hyderabad_Shamshbd_P,S_Kolkata_Dankuni_GW
Chandigarh_Rajpura_GW,E_Kolkata_Dankuni_GW
Chandigarh_Rajpura_GW,S_Kolkata_Dankuni_GW
Bhiwandi_Mega_GW,E_Kolkata_Dankuni_GW
Bhiwandi_Mega_GW,S_Kolkata_Dankuni_GW
Pune_Sudhwadi_GW,S_Kolkata_Dankuni_GW
Bangalore_Soukyaroad_GW,E_Kolkata_Dankuni_GW
Bangalore_Soukyaroad_GW,S_Kolkata_Dankuni_GW
Coimbatore_Kaniyur_H,S_Kolkata_Dankuni_GW
Guwahati_Kaikchi_GW,E_Kolkata_Dankuni_GW
Guwahati_Kaikchi_GW,S_Kolkata_Dankuni_GW
Noida_Bairangpur_GW,S_Kolkata_Dankuni_GW
Jaipur_Sez_GW,E_Kolkata_Dankuni_GW
Jaipur_Sez_GW,S_Kolkata_Dankuni_GW
Surat_Kacholi_GW,E_Kolkata_Dankuni_GW
Surat_Kacholi_GW,S_Kolkata_Dankuni_GW
Ahmedabad_Kanera_GW,S_Kolkata_Dankuni_GW
Ahmedabad_Kanera_GW,E_Kolkata_Dankuni_GW
Indore_BarodaArjun_H,E_Kolkata_Dankuni_GW
Indore_BarodaArjun_H,S_Kolkata_Dankuni_GW
Siliguri_Fulbari_H,S_Kolkata_Dankuni_GW
Siliguri_Fulbari_H,E_Kolkata_Dankuni_GW
Chennai_Sriperumbudur_GW,E_Kolkata_Dankuni_GW
Chennai_Sriperumbudur_GW,S_Kolkata_Dankuni_GW
Nagpur_Khapari_GW,S_Kolkata_Dankuni_GW
Nagpur_Khapari_GW,E_Kolkata_Dankuni_GW
Hyderabad_Medchal_GW,S_Kolkata_Dankuni_GW
Bhiwandi_Lonad_GW,E_Kolkata_Dankuni_GW
Bhiwandi_Lonad_GW,S_Kolkata_Dankuni_GW
Faridabad_MathuraRoad_GW,S_Kolkata_Dankuni_GW
Rajkot_Amargadh_H,S_Kolkata_Dankuni_GW
Kanpur_Kataraghan_H,S_Kolkata_Dankuni_GW
Agra_Jaupura_H,E_Kolkata_Dankuni_GW
Mumbai_Chndivli_PC,E_Kolkata_Dankuni_GW
Mumbai_Chndivli_PC,S_Kolkata_Dankuni_GW
Tiruchi_Navalur_H,S_Kolkata_Dankuni_GW
Tiruchi_Navalur_H,E_Kolkata_Dankuni_GW
Patna_Sonagopalpur_H,S_Kolkata_Dankuni_GW
Kolhapur_HupariRd_H,S_Kolkata_Dankuni_GW
Rajahmundry_Rajanagaram_H,S_Kolkata_Dankuni_GW
Aluva_Peedika_H,S_Kolkata_Dankuni_GW
Lucknow_Memaura_H,S_Kolkata_Dankuni_GW
Lucknow_Memaura_H,E_Kolkata_Dankuni_GW
Ludhiana_Khakat_H,S_Kolkata_Dankuni_GW
Bhopal_Pipaliya_H,S_Kolkata_Dankuni_GW
Vijayawada_Gudavalli_H,S_Kolkata_Dankuni_GW
Vijayawada_Gudavalli_H,E_Kolkata_Dankuni_GW
Madurai_Avaniyapuram_H,S_Kolkata_Dankuni_GW
Visakhapatnam_Duvvada_H,S_Kolkata_Dankuni_GW
Tirunelveli_Krishnapuram_H,S_Kolkata_Dankuni_GW
Hyderabad_Shamshbd_P,E_Kolkata_Madhyamgram_H
Chandigarh_Rajpura_GW,E_Kolkata_Madhyamgram_H
Bhiwandi_Mega_GW,E_Kolkata_Madhyamgram_H
Bangalore_Soukyaroad_GW,E_Kolkata_Madhyamgram_H
Noida_Bairangpur_GW,E_Kolkata_Madhyamgram_H
Jaipur_Sez_GW,E_Kolkata_Madhyamgram_H
Surat_Kacholi_GW,E_Kolkata_Madhyamgram_H
Chennai_Sriperumbudur_GW,E_Kolkata_Madhyamgram_H
Hyderabad_Medchal_GW,E_Kolkata_Madhyamgram_H
Bhiwandi_Lonad_GW,E_Kolkata_Madhyamgram_H
Faridabad_MathuraRoad_GW,E_Kolkata_Madhyamgram_H
Mumbai_Chndivli_PC,E_Kolkata_Madhyamgram_H
Hyderabad_Shamshbd_P,S_Lucknow_Memaura_H
Hyderabad_Shamshbd_P,E_Lucknow_Memaura_H
Chandigarh_Rajpura_GW,S_Lucknow_Memaura_H
Bhiwandi_Mega_GW,E_Lucknow_Memaura_H
Bhiwandi_Mega_GW,S_Lucknow_Memaura_H
Pune_Sudhwadi_GW,S_Lucknow_Memaura_H
Pune_Sudhwadi_GW,E_Lucknow_Memaura_H
Bangalore_Soukyaroad_GW,S_Lucknow_Memaura_H
Bangalore_Soukyaroad_GW,E_Lucknow_Memaura_H
Coimbatore_Kaniyur_H,S_Lucknow_Memaura_H
Jaipur_Sez_GW,S_Lucknow_Memaura_H
Surat_Kacholi_GW,S_Lucknow_Memaura_H
Ahmedabad_Kanera_GW,S_Lucknow_Memaura_H
Indore_BarodaArjun_H,S_Lucknow_Memaura_H
Siliguri_Fulbari_H,S_Lucknow_Memaura_H
Chennai_Sriperumbudur_GW,E_Lucknow_Memaura_H
Chennai_Sriperumbudur_GW,S_Lucknow_Memaura_H
Nagpur_Khapari_GW,S_Lucknow_Memaura_H
Hyderabad_Medchal_GW,S_Lucknow_Memaura_H
Hyderabad_Medchal_GW,E_Lucknow_Memaura_H
Bhiwandi_Lonad_GW,E_Lucknow_Memaura_H
Bhiwandi_Lonad_GW,S_Lucknow_Memaura_H
Rajkot_Amargadh_H,S_Lucknow_Memaura_H
Kanpur_Kataraghan_H,E_Lucknow_Memaura_H
Kanpur_Kataraghan_H,S_Lucknow_Memaura_H
Agra_Jaupura_H,S_Lucknow_Memaura_H
Mumbai_Chndivli_PC,S_Lucknow_Memaura_H
Mumbai_Chndivli_PC,E_Lucknow_Memaura_H
Tiruchi_Navalur_H,S_Lucknow_Memaura_H
Patna_Sonagopalpur_H,S_Lucknow_Memaura_H
Rajahmundry_Rajanagaram_H,S_Lucknow_Memaura_H
Aluva_Peedika_H,S_Lucknow_Memaura_H
Ludhiana_Khakat_H,S_Lucknow_Memaura_H
Bhopal_Pipaliya_H,S_Lucknow_Memaura_H
Hyderabad_Shamshbd_P,E_Ludhiana_Khakat_H
Hyderabad_Shamshbd_P,S_Ludhiana_Khakat_H
Chandigarh_Rajpura_GW,S_Ludhiana_Khakat_H
Bhiwandi_Mega_GW,S_Ludhiana_Khakat_H
Bhiwandi_Mega_GW,E_Ludhiana_Khakat_H
Bangalore_Soukyaroad_GW,S_Ludhiana_Khakat_H
Bangalore_Soukyaroad_GW,E_Ludhiana_Khakat_H
Noida_Bairangpur_GW,S_Ludhiana_Khakat_H
Surat_Kacholi_GW,S_Ludhiana_Khakat_H
Indore_BarodaArjun_H,S_Ludhiana_Khakat_H
Siliguri_Fulbari_H,S_Ludhiana_Khakat_H
Chennai_Sriperumbudur_GW,S_Ludhiana_Khakat_H
Chennai_Sriperumbudur_GW,E_Ludhiana_Khakat_H
Hyderabad_Medchal_GW,E_Ludhiana_Khakat_H
Hyderabad_Medchal_GW,S_Ludhiana_Khakat_H
Bhiwandi_Lonad_GW,S_Ludhiana_Khakat_H
Bhiwandi_Lonad_GW,E_Ludhiana_Khakat_H
Faridabad_MathuraRoad_GW,S_Ludhiana_Khakat_H
Rajkot_Amargadh_H,S_Ludhiana_Khakat_H
Kanpur_Kataraghan_H,S_Ludhiana_Khakat_H
Agra_Jaupura_H,S_Ludhiana_Khakat_H
Mumbai_Chndivli_PC,S_Ludhiana_Khakat_H
Hyderabad_Shamshbd_P,E_Meerut_Panchlikhurd_H
Hyderabad_Shamshbd_P,S_Meerut_Panchlikhurd_H
Chandigarh_Rajpura_GW,S_Meerut_Panchlikhurd_H
Bhiwandi_Mega_GW,S_Meerut_Panchlikhurd_H
Bhiwandi_Mega_GW,E_Meerut_Panchlikhurd_H
Pune_Sudhwadi_GW,S_Meerut_Panchlikhurd_H
Bangalore_Soukyaroad_GW,E_Meerut_Panchlikhurd_H
Bangalore_Soukyaroad_GW,S_Meerut_Panchlikhurd_H
Coimbatore_Kaniyur_H,S_Meerut_Panchlikhurd_H
Noida_Bairangpur_GW,S_Meerut_Panchlikhurd_H
Jaipur_Sez_GW,S_Meerut_Panchlikhurd_H
Surat_Kacholi_GW,S_Meerut_Panchlikhurd_H
Ahmedabad_Kanera_GW,S_Meerut_Panchlikhurd_H
Indore_BarodaArjun_H,S_Meerut_Panchlikhurd_H
Chennai_Sriperumbudur_GW,E_Meerut_Panchlikhurd_H
Chennai_Sriperumbudur_GW,S_Meerut_Panchlikhurd_H
Nagpur_Khapari_GW,S_Meerut_Panchlikhurd_H
Hyderabad_Medchal_GW,E_Meerut_Panchlikhurd_H
Hyderabad_Medchal_GW,S_Meerut_Panchlikhurd_H
Bhiwandi_Lonad_GW,S_Meerut_Panchlikhurd_H
Bhiwandi_Lonad_GW,E_Meerut_Panchlikhurd_H
Faridabad_MathuraRoad_GW,S_Meerut_Panchlikhurd_H
Rajkot_Amargadh_H,S_Meerut_Panchlikhurd_H
Kanpur_Kataraghan_H,S_Meerut_Panchlikhurd_H
Agra_Jaupura_H,S_Meerut_Panchlikhurd_H
Mumbai_Chndivli_PC,S_Meerut_Panchlikhurd_H
Lucknow_Memaura_H,S_Meerut_Panchlikhurd_H
Ludhiana_Khakat_H,S_Meerut_Panchlikhurd_H
Bhopal_Pipaliya_H,S_Meerut_Panchlikhurd_H
Hyderabad_Shamshbd_P,S_Mumbai_Chndivli_PC
Hyderabad_Shamshbd_P,E_Mumbai_Chndivli_PC
Chandigarh_Rajpura_GW,E_Mumbai_Chndivli_PC
Pune_Sudhwadi_GW,S_Mumbai_Chndivli_PC
Bangalore_Soukyaroad_GW,E_Mumbai_Chndivli_PC
Bangalore_Soukyaroad_GW,S_Mumbai_Chndivli_PC
Coimbatore_Kaniyur_H,E_Mumbai_Chndivli_PC
Coimbatore_Kaniyur_H,S_Mumbai_Chndivli_PC
Guwahati_Kaikchi_GW,E_Mumbai_Chndivli_PC
Noida_Bairangpur_GW,E_Mumbai_Chndivli_PC
Jaipur_Sez_GW,S_Mumbai_Chndivli_PC
Jaipur_Sez_GW,E_Mumbai_Chndivli_PC
Surat_Kacholi_GW,S_Mumbai_Chndivli_PC
Ahmedabad_Kanera_GW,S_Mumbai_Chndivli_PC
Indore_BarodaArjun_H,S_Mumbai_Chndivli_PC
Chennai_Sriperumbudur_GW,S_Mumbai_Chndivli_PC
Chennai_Sriperumbudur_GW,E_Mumbai_Chndivli_PC
Nagpur_Khapari_GW,S_Mumbai_Chndivli_PC
Hyderabad_Medchal_GW,E_Mumbai_Chndivli_PC
Hyderabad_Medchal_GW,S_Mumbai_Chndivli_PC
Faridabad_MathuraRoad_GW,E_Mumbai_Chndivli_PC
Rajkot_Amargadh_H,S_Mumbai_Chndivli_PC
Kanpur_Kataraghan_H,S_Mumbai_Chndivli_PC
Agra_Jaupura_H,E_Mumbai_Chndivli_PC
Tiruchi_Navalur_H,S_Mumbai_Chndivli_PC
Patna_Sonagopalpur_H,E_Mumbai_Chndivli_PC
Rajahmundry_Rajanagaram_H,E_Mumbai_Chndivli_PC
Rajahmundry_Rajanagaram_H,S_Mumbai_Chndivli_PC
Aluva_Peedika_H,E_Mumbai_Chndivli_PC
Aluva_Peedika_H,S_Mumbai_Chndivli_PC
Lucknow_Memaura_H,E_Mumbai_Chndivli_PC
Ludhiana_Khakat_H,E_Mumbai_Chndivli_PC
Bhopal_Pipaliya_H,E_Mumbai_Chndivli_PC
Bhopal_Pipaliya_H,S_Mumbai_Chndivli_PC
Vijayawada_Gudavalli_H,E_Mumbai_Chndivli_PC
Tirunelveli_Krishnapuram_H,S_Mumbai_Chndivli_PC
Hyderabad_Shamshbd_P,S_Nagpur_Khapari_GW
Chandigarh_Rajpura_GW,S_Nagpur_Khapari_GW
Chandigarh_Rajpura_GW,E_Nagpur_Khapari_GW
Pune_Sudhwadi_GW,S_Nagpur_Khapari_GW
Bangalore_Soukyaroad_GW,E_Nagpur_Khapari_GW
Coimbatore_Kaniyur_H,S_Nagpur_Khapari_GW
Noida_Bairangpur_GW,S_Nagpur_Khapari_GW
Noida_Bairangpur_GW,E_Nagpur_Khapari_GW
Jaipur_Sez_GW,E_Nagpur_Khapari_GW
Surat_Kacholi_GW,S_Nagpur_Khapari_GW
Indore_BarodaArjun_H,S_Nagpur_Khapari_GW
Siliguri_Fulbari_H,S_Nagpur_Khapari_GW
Chennai_Sriperumbudur_GW,E_Nagpur_Khapari_GW
Chennai_Sriperumbudur_GW,S_Nagpur_Khapari_GW
Hyderabad_Medchal_GW,S_Nagpur_Khapari_GW
Rajkot_Amargadh_H,S_Nagpur_Khapari_GW
Kanpur_Kataraghan_H,S_Nagpur_Khapari_GW
Kanpur_Kataraghan_H,E_Nagpur_Khapari_GW
Agra_Jaupura_H,S_Nagpur_Khapari_GW
Mumbai_Chndivli_PC,S_Nagpur_Khapari_GW
Tiruchi_Navalur_H,S_Nagpur_Khapari_GW
Patna_Sonagopalpur_H,S_Nagpur_Khapari_GW
Kolhapur_HupariRd_H,S_Nagpur_Khapari_GW
Rajahmundry_Rajanagaram_H,S_Nagpur_Khapari_GW
Aluva_Peedika_H,S_Nagpur_Khapari_GW
Lucknow_Memaura_H,S_Nagpur_Khapari_GW
Ludhiana_Khakat_H,S_Nagpur_Khapari_GW
Bhopal_Pipaliya_H,S_Nagpur_Khapari_GW
Vijayawada_Gudavalli_H,S_Nagpur_Khapari_GW
Madurai_Avaniyapuram_H,S_Nagpur_Khapari_GW
Visakhapatnam_Duvvada_H,S_Nagpur_Khapari_GW
Tirunelveli_Krishnapuram_H,S_Nagpur_Khapari_GW
Hyderabad_Shamshbd_P,S_Pune_Sudhwadi_GW
Chandigarh_Rajpura_GW,E_Pune_Sudhwadi_GW
Chandigarh_Rajpura_GW,S_Pune_Sudhwadi_GW
Bangalore_Soukyaroad_GW,E_Pune_Sudhwadi_GW
Bangalore_Soukyaroad_GW,S_Pune_Sudhwadi_GW
Coimbatore_Kaniyur_H,S_Pune_Sudhwadi_GW
Noida_Bairangpur_GW,S_Pune_Sudhwadi_GW
Noida_Bairangpur_GW,E_Pune_Sudhwadi_GW
Jaipur_Sez_GW,S_Pune_Sudhwadi_GW
Surat_Kacholi_GW,S_Pune_Sudhwadi_GW
Ahmedabad_Kanera_GW,S_Pune_Sudhwadi_GW
Indore_BarodaArjun_H,S_Pune_Sudhwadi_GW
Chennai_Sriperumbudur_GW,E_Pune_Sudhwadi_GW
Chennai_Sriperumbudur_GW,S_Pune_Sudhwadi_GW
Nagpur_Khapari_GW,S_Pune_Sudhwadi_GW
Hyderabad_Medchal_GW,S_Pune_Sudhwadi_GW
Faridabad_MathuraRoad_GW,E_Pune_Sudhwadi_GW
Faridabad_MathuraRoad_GW,S_Pune_Sudhwadi_GW
Rajkot_Amargadh_H,S_Pune_Sudhwadi_GW
Kanpur_Kataraghan_H,S_Pune_Sudhwadi_GW
Agra_Jaupura_H,S_Pune_Sudhwadi_GW
Mumbai_Chndivli_PC,S_Pune_Sudhwadi_GW
Tiruchi_Navalur_H,E_Pune_Sudhwadi_GW
Tiruchi_Navalur_H,S_Pune_Sudhwadi_GW
Patna_Sonagopalpur_H,S_Pune_Sudhwadi_GW
Kolhapur_HupariRd_H,E_Pune_Sudhwadi_GW
Kolhapur_HupariRd_H,S_Pune_Sudhwadi_GW
Rajahmundry_Rajanagaram_H,S_Pune_Sudhwadi_GW
Aluva_Peedika_H,S_Pune_Sudhwadi_GW
Lucknow_Memaura_H,S_Pune_Sudhwadi_GW
Ludhiana_Khakat_H,S_Pune_Sudhwadi_GW
Ludhiana_Khakat_H,E_Pune_Sudhwadi_GW
Bhopal_Pipaliya_H,S_Pune_Sudhwadi_GW
Madurai_Avaniyapuram_H,S_Pune_Sudhwadi_GW
Tirunelveli_Krishnapuram_H,E_Pune_Sudhwadi_GW
Tirunelveli_Krishnapuram_H,S_Pune_Sudhwadi_GW
Hyderabad_Shamshbd_P,S_Rajkot_Amargadh_H
Chandigarh_Rajpura_GW,S_Rajkot_Amargadh_H
Bhiwandi_Mega_GW,S_Rajkot_Amargadh_H
Pune_Sudhwadi_GW,S_Rajkot_Amargadh_H
Bangalore_Soukyaroad_GW,E_Rajkot_Amargadh_H
Bangalore_Soukyaroad_GW,S_Rajkot_Amargadh_H
Coimbatore_Kaniyur_H,S_Rajkot_Amargadh_H
Noida_Bairangpur_GW,E_Rajkot_Amargadh_H
Noida_Bairangpur_GW,S_Rajkot_Amargadh_H
Jaipur_Sez_GW,S_Rajkot_Amargadh_H
Surat_Kacholi_GW,S_Rajkot_Amargadh_H
Indore_BarodaArjun_H,S_Rajkot_Amargadh_H
Chennai_Sriperumbudur_GW,E_Rajkot_Amargadh_H
Chennai_Sriperumbudur_GW,S_Rajkot_Amargadh_H
Hyderabad_Medchal_GW,E_Rajkot_Amargadh_H
Hyderabad_Medchal_GW,S_Rajkot_Amargadh_H
Bhiwandi_Lonad_GW,S_Rajkot_Amargadh_H
Faridabad_MathuraRoad_GW,E_Rajkot_Amargadh_H
Faridabad_MathuraRoad_GW,S_Rajkot_Amargadh_H
Kanpur_Kataraghan_H,S_Rajkot_Amargadh_H
Agra_Jaupura_H,S_Rajkot_Amargadh_H
Mumbai_Chndivli_PC,S_Rajkot_Amargadh_H
Rajahmundry_Rajanagaram_H,S_Rajkot_Amargadh_H
Bhopal_Pipaliya_H,S_Rajkot_Amargadh_H
Tirunelveli_Krishnapuram_H,S_Rajkot_Amargadh_H
Hyderabad_Shamshbd_P,S_Sagar_Pagara_P
Chandigarh_Rajpura_GW,S_Sagar_Pagara_P
Pune_Sudhwadi_GW,S_Sagar_Pagara_P
Coimbatore_Kaniyur_H,S_Sagar_Pagara_P
Noida_Bairangpur_GW,E_Sagar_Pagara_P
Noida_Bairangpur_GW,S_Sagar_Pagara_P
Indore_BarodaArjun_H,S_Sagar_Pagara_P
Chennai_Sriperumbudur_GW,S_Sagar_Pagara_P
Chennai_Sriperumbudur_GW,E_Sagar_Pagara_P
Hyderabad_Medchal_GW,S_Sagar_Pagara_P
Faridabad_MathuraRoad_GW,E_Sagar_Pagara_P
Faridabad_MathuraRoad_GW,S_Sagar_Pagara_P
Rajkot_Amargadh_H,S_Sagar_Pagara_P
Kanpur_Kataraghan_H,S_Sagar_Pagara_P
Agra_Jaupura_H,S_Sagar_Pagara_P
Mumbai_Chndivli_PC,S_Sagar_Pagara_P
Patna_Sonagopalpur_H,S_Sagar_Pagara_P
Bhopal_Pipaliya_H,S_Sagar_Pagara_P
Hyderabad_Shamshbd_P,S_Siliguri_Fulbari_H
Hyderabad_Shamshbd_P,E_Siliguri_Fulbari_H
Chandigarh_Rajpura_GW,E_Siliguri_Fulbari_H
Chandigarh_Rajpura_GW,S_Siliguri_Fulbari_H
Bhiwandi_Mega_GW,S_Siliguri_Fulbari_H
Bhiwandi_Mega_GW,E_Siliguri_Fulbari_H
Pune_Sudhwadi_GW,S_Siliguri_Fulbari_H
Pune_Sudhwadi_GW,E_Siliguri_Fulbari_H
Bangalore_Soukyaroad_GW,S_Siliguri_Fulbari_H
Bangalore_Soukyaroad_GW,E_Siliguri_Fulbari_H
Coimbatore_Kaniyur_H,S_Siliguri_Fulbari_H
Noida_Bairangpur_GW,S_Siliguri_Fulbari_H
Noida_Bairangpur_GW,E_Siliguri_Fulbari_H
Jaipur_Sez_GW,S_Siliguri_Fulbari_H
Jaipur_Sez_GW,E_Siliguri_Fulbari_H
Surat_Kacholi_GW,E_Siliguri_Fulbari_H
Surat_Kacholi_GW,S_Siliguri_Fulbari_H
Ahmedabad_Kanera_GW,S_Siliguri_Fulbari_H
Ahmedabad_Kanera_GW,E_Siliguri_Fulbari_H
Indore_BarodaArjun_H,S_Siliguri_Fulbari_H
Indore_BarodaArjun_H,E_Siliguri_Fulbari_H
Chennai_Sriperumbudur_GW,E_Siliguri_Fulbari_H
Chennai_Sriperumbudur_GW,S_Siliguri_Fulbari_H
Nagpur_Khapari_GW,S_Siliguri_Fulbari_H
Nagpur_Khapari_GW,E_Siliguri_Fulbari_H
Hyderabad_Medchal_GW,E_Siliguri_Fulbari_H
Hyderabad_Medchal_GW,S_Siliguri_Fulbari_H
Bhiwandi_Lonad_GW,S_Siliguri_Fulbari_H
Bhiwandi_Lonad_GW,E_Siliguri_Fulbari_H
Faridabad_MathuraRoad_GW,E_Siliguri_Fulbari_H
Faridabad_MathuraRoad_GW,S_Siliguri_Fulbari_H
Rajkot_Amargadh_H,S_Siliguri_Fulbari_H
Kanpur_Kataraghan_H,E_Siliguri_Fulbari_H
Kanpur_Kataraghan_H,S_Siliguri_Fulbari_H
Agra_Jaupura_H,E_Siliguri_Fulbari_H
Agra_Jaupura_H,S_Siliguri_Fulbari_H
Mumbai_Chndivli_PC,E_Siliguri_Fulbari_H
Mumbai_Chndivli_PC,S_Siliguri_Fulbari_H
Tiruchi_Navalur_H,S_Siliguri_Fulbari_H
Patna_Sonagopalpur_H,S_Siliguri_Fulbari_H
Kolhapur_HupariRd_H,S_Siliguri_Fulbari_H
Rajahmundry_Rajanagaram_H,E_Siliguri_Fulbari_H
Rajahmundry_Rajanagaram_H,S_Siliguri_Fulbari_H
Aluva_Peedika_H,S_Siliguri_Fulbari_H
Lucknow_Memaura_H,S_Siliguri_Fulbari_H
Ludhiana_Khakat_H,S_Siliguri_Fulbari_H
Bhopal_Pipaliya_H,S_Siliguri_Fulbari_H
Vijayawada_Gudavalli_H,S_Siliguri_Fulbari_H
Madurai_Avaniyapuram_H,S_Siliguri_Fulbari_H
Tirunelveli_Krishnapuram_H,S_Siliguri_Fulbari_H
Hyderabad_Shamshbd_P,E_Sonipat_WazidpurSaboli_P
Hyderabad_Shamshbd_P,S_Sonipat_WazidpurSaboli_P
Chandigarh_Rajpura_GW,S_Sonipat_WazidpurSaboli_P
Noida_Bairangpur_GW,S_Sonipat_WazidpurSaboli_P
Surat_Kacholi_GW,S_Sonipat_WazidpurSaboli_P
Chennai_Sriperumbudur_GW,E_Sonipat_WazidpurSaboli_P
Chennai_Sriperumbudur_GW,S_Sonipat_WazidpurSaboli_P
Hyderabad_Medchal_GW,E_Sonipat_WazidpurSaboli_P
Hyderabad_Medchal_GW,S_Sonipat_WazidpurSaboli_P
Rajkot_Amargadh_H,S_Sonipat_WazidpurSaboli_P
Mumbai_Chndivli_PC,E_Sonipat_WazidpurSaboli_P
Mumbai_Chndivli_PC,S_Sonipat_WazidpurSaboli_P
Hyderabad_Shamshbd_P,E_Surat_Kacholi_I
Hyderabad_Shamshbd_P,S_Surat_Kacholi_I
Chandigarh_Rajpura_GW,S_Surat_Kacholi_I
Pune_Sudhwadi_GW,S_Surat_Kacholi_I
Bangalore_Soukyaroad_GW,E_Surat_Kacholi_I
Bangalore_Soukyaroad_GW,S_Surat_Kacholi_I
Coimbatore_Kaniyur_H,S_Surat_Kacholi_I
Noida_Bairangpur_GW,E_Surat_Kacholi_I
Noida_Bairangpur_GW,S_Surat_Kacholi_I
Jaipur_Sez_GW,E_Surat_Kacholi_I
Jaipur_Sez_GW,S_Surat_Kacholi_I
Indore_BarodaArjun_H,S_Surat_Kacholi_I
Chennai_Sriperumbudur_GW,S_Surat_Kacholi_I
Chennai_Sriperumbudur_GW,E_Surat_Kacholi_I
Nagpur_Khapari_GW,S_Surat_Kacholi_I
Hyderabad_Medchal_GW,E_Surat_Kacholi_I
Hyderabad_Medchal_GW,S_Surat_Kacholi_I
Faridabad_MathuraRoad_GW,E_Surat_Kacholi_I
Faridabad_MathuraRoad_GW,S_Surat_Kacholi_I
Rajkot_Amargadh_H,S_Surat_Kacholi_I
Mumbai_Chndivli_PC,S_Surat_Kacholi_I
Ludhiana_Khakat_H,S_Surat_Kacholi_I
Bhopal_Pipaliya_H,S_Surat_Kacholi_I
Hyderabad_Shamshbd_P,E_Vadodara_Dashrath_H
Hyderabad_Shamshbd_P,S_Vadodara_Dashrath_H
Chandigarh_Rajpura_GW,S_Vadodara_Dashrath_H
Bhiwandi_Mega_GW,S_Vadodara_Dashrath_H
Pune_Sudhwadi_GW,S_Vadodara_Dashrath_H
Bangalore_Soukyaroad_GW,E_Vadodara_Dashrath_H
Bangalore_Soukyaroad_GW,S_Vadodara_Dashrath_H
Coimbatore_Kaniyur_H,S_Vadodara_Dashrath_H
Noida_Bairangpur_GW,E_Vadodara_Dashrath_H
Noida_Bairangpur_GW,S_Vadodara_Dashrath_H
Jaipur_Sez_GW,S_Vadodara_Dashrath_H
Surat_Kacholi_GW,S_Vadodara_Dashrath_H
Indore_BarodaArjun_H,S_Vadodara_Dashrath_H
Chennai_Sriperumbudur_GW,S_Vadodara_Dashrath_H
Chennai_Sriperumbudur_GW,E_Vadodara_Dashrath_H
Nagpur_Khapari_GW,S_Vadodara_Dashrath_H
Hyderabad_Medchal_GW,E_Vadodara_Dashrath_H
Hyderabad_Medchal_GW,S_Vadodara_Dashrath_H
Bhiwandi_Lonad_GW,S_Vadodara_Dashrath_H
Faridabad_MathuraRoad_GW,E_Vadodara_Dashrath_H
Faridabad_MathuraRoad_GW,S_Vadodara_Dashrath_H
Mumbai_Chndivli_PC,S_Vadodara_Dashrath_H
Ludhiana_Khakat_H,S_Vadodara_Dashrath_H
Bhopal_Pipaliya_H,S_Vadodara_Dashrath_H
Coimbatore_Kaniyur_H,S_Hyderabad_Shamshbd_P
Guwahati_Kaikchi_GW,E_Hyderabad_Shamshbd_P
Siliguri_Fulbari_H,E_Hyderabad_Shamshbd_P
Mumbai_Chndivli_PC,E_Hyderabad_Shamshbd_P
Patna_Sonagopalpur_H,E_Hyderabad_Shamshbd_P
Lucknow_Memaura_H,E_Hyderabad_Shamshbd_P
Vijayawada_Gudavalli_H,S_Hyderabad_Shamshbd_P
Chandigarh_Rajpura_GW,S_Vijayawada_Gudavalli_H
Chandigarh_Rajpura_GW,E_Vijayawada_Gudavalli_H
Bhiwandi_Mega_GW,E_Vijayawada_Gudavalli_H
Bhiwandi_Mega_GW,S_Vijayawada_Gudavalli_H
Pune_Sudhwadi_GW,S_Vijayawada_Gudavalli_H
Bangalore_Soukyaroad_GW,S_Vijayawada_Gudavalli_H
Coimbatore_Kaniyur_H,S_Vijayawada_Gudavalli_H
Noida_Bairangpur_GW,S_Vijayawada_Gudavalli_H
Noida_Bairangpur_GW,E_Vijayawada_Gudavalli_H
Jaipur_Sez_GW,E_Vijayawada_Gudavalli_H
Jaipur_Sez_GW,S_Vijayawada_Gudavalli_H
Surat_Kacholi_GW,E_Vijayawada_Gudavalli_H
Surat_Kacholi_GW,S_Vijayawada_Gudavalli_H
Ahmedabad_Kanera_GW,E_Vijayawada_Gudavalli_H
Ahmedabad_Kanera_GW,S_Vijayawada_Gudavalli_H
Indore_BarodaArjun_H,S_Vijayawada_Gudavalli_H
Chennai_Sriperumbudur_GW,S_Vijayawada_Gudavalli_H
Nagpur_Khapari_GW,S_Vijayawada_Gudavalli_H
Bhiwandi_Lonad_GW,E_Vijayawada_Gudavalli_H
Bhiwandi_Lonad_GW,S_Vijayawada_Gudavalli_H
Faridabad_MathuraRoad_GW,E_Vijayawada_Gudavalli_H
Faridabad_MathuraRoad_GW,S_Vijayawada_Gudavalli_H
Rajkot_Amargadh_H,S_Vijayawada_Gudavalli_H
Agra_Jaupura_H,S_Vijayawada_Gudavalli_H
Mumbai_Chndivli_PC,E_Vijayawada_Gudavalli_H
Mumbai_Chndivli_PC,S_Vijayawada_Gudavalli_H
Tiruchi_Navalur_H,S_Vijayawada_Gudavalli_H
Rajahmundry_Rajanagaram_H,E_Vijayawada_Gudavalli_H
Rajahmundry_Rajanagaram_H,S_Vijayawada_Gudavalli_H
Aluva_Peedika_H,S_Vijayawada_Gudavalli_H
Madurai_Avaniyapuram_H,S_Vijayawada_Gudavalli_H
Visakhapatnam_Duvvada_H,S_Vijayawada_Gudavalli_H
Tirunelveli_Krishnapuram_H,S_Vijayawada_Gudavalli_H
Chandigarh_Rajpura_GW,E_Bangalore_Soukyaroad_GW
Coimbatore_Kaniyur_H,E_Bangalore_Soukyaroad_GW
Guwahati_Kaikchi_GW,S_Bangalore_Soukyaroad_GW
Guwahati_Kaikchi_GW,E_Bangalore_Soukyaroad_GW
Indore_BarodaArjun_H,E_Bangalore_Soukyaroad_GW
Siliguri_Fulbari_H,E_Bangalore_Soukyaroad_GW
Siliguri_Fulbari_H,S_Bangalore_Soukyaroad_GW
Kanpur_Kataraghan_H,S_Bangalore_Soukyaroad_GW
Mumbai_Chndivli_PC,E_Bangalore_Soukyaroad_GW
Tiruchi_Navalur_H,E_Bangalore_Soukyaroad_GW
Tiruchi_Navalur_H,S_Bangalore_Soukyaroad_GW
Patna_Sonagopalpur_H,S_Bangalore_Soukyaroad_GW
Patna_Sonagopalpur_H,E_Bangalore_Soukyaroad_GW
Kolhapur_HupariRd_H,S_Bangalore_Soukyaroad_GW
Rajahmundry_Rajanagaram_H,S_Bangalore_Soukyaroad_GW
Aluva_Peedika_H,S_Bangalore_Soukyaroad_GW
Aluva_Peedika_H,E_Bangalore_Soukyaroad_GW
Lucknow_Memaura_H,E_Bangalore_Soukyaroad_GW
Lucknow_Memaura_H,S_Bangalore_Soukyaroad_GW
Ludhiana_Khakat_H,E_Bangalore_Soukyaroad_GW
Madurai_Avaniyapuram_H,E_Bangalore_Soukyaroad_GW
Madurai_Avaniyapuram_H,S_Bangalore_Soukyaroad_GW
Visakhapatnam_Duvvada_H,S_Bangalore_Soukyaroad_GW
Tirunelveli_Krishnapuram_H,E_Bangalore_Soukyaroad_GW
Tirunelveli_Krishnapuram_H,S_Bangalore_Soukyaroad_GW
Chandigarh_Rajpura_GW,S_Hyderabad_Medchal_GW
Bhiwandi_Mega_GW,S_Hyderabad_Medchal_GW
Bhiwandi_Mega_GW,E_Hyderabad_Medchal_GW
Pune_Sudhwadi_GW,S_Hyderabad_Medchal_GW
Guwahati_Kaikchi_GW,S_Hyderabad_Medchal_GW
Jaipur_Sez_GW,E_Hyderabad_Medchal_GW
Jaipur_Sez_GW,S_Hyderabad_Medchal_GW
Surat_Kacholi_GW,S_Hyderabad_Medchal_GW
Siliguri_Fulbari_H,S_Hyderabad_Medchal_GW
Chennai_Sriperumbudur_GW,S_Hyderabad_Medchal_GW
Bhiwandi_Lonad_GW,S_Hyderabad_Medchal_GW
Bhiwandi_Lonad_GW,E_Hyderabad_Medchal_GW
Agra_Jaupura_H,S_Hyderabad_Medchal_GW
Mumbai_Chndivli_PC,S_Hyderabad_Medchal_GW
Mumbai_Chndivli_PC,E_Hyderabad_Medchal_GW
Tiruchi_Navalur_H,S_Hyderabad_Medchal_GW
Patna_Sonagopalpur_H,S_Hyderabad_Medchal_GW
Rajahmundry_Rajanagaram_H,E_Hyderabad_Medchal_GW
Rajahmundry_Rajanagaram_H,S_Hyderabad_Medchal_GW
Lucknow_Memaura_H,S_Hyderabad_Medchal_GW
Ludhiana_Khakat_H,S_Hyderabad_Medchal_GW
Bhopal_Pipaliya_H,S_Hyderabad_Medchal_GW
Vijayawada_Gudavalli_H,S_Hyderabad_Medchal_GW
Vijayawada_Gudavalli_H,E_Hyderabad_Medchal_GW
Visakhapatnam_Duvvada_H,S_Hyderabad_Medchal_GW
Chandigarh_Rajpura_GW,E_Hyderabad_Shamshbd_H
Bhiwandi_Mega_GW,S_Hyderabad_Shamshbd_H
Bhiwandi_Mega_GW,E_Hyderabad_Shamshbd_H
Bangalore_Soukyaroad_GW,S_Hyderabad_Shamshbd_H
Noida_Bairangpur_GW,E_Hyderabad_Shamshbd_H
Noida_Bairangpur_GW,S_Hyderabad_Shamshbd_H
Jaipur_Sez_GW,S_Hyderabad_Shamshbd_H
Jaipur_Sez_GW,E_Hyderabad_Shamshbd_H
Surat_Kacholi_GW,S_Hyderabad_Shamshbd_H
Ahmedabad_Kanera_GW,E_Hyderabad_Shamshbd_H
Ahmedabad_Kanera_GW,S_Hyderabad_Shamshbd_H
Indore_BarodaArjun_H,S_Hyderabad_Shamshbd_H
Chennai_Sriperumbudur_GW,S_Hyderabad_Shamshbd_H
Nagpur_Khapari_GW,S_Hyderabad_Shamshbd_H
Bhiwandi_Lonad_GW,S_Hyderabad_Shamshbd_H
Bhiwandi_Lonad_GW,E_Hyderabad_Shamshbd_H
Faridabad_MathuraRoad_GW,E_Hyderabad_Shamshbd_H
Faridabad_MathuraRoad_GW,S_Hyderabad_Shamshbd_H
Rajkot_Amargadh_H,S_Hyderabad_Shamshbd_H
Kanpur_Kataraghan_H,S_Hyderabad_Shamshbd_H
Agra_Jaupura_H,E_Hyderabad_Shamshbd_H
Mumbai_Chndivli_PC,S_Hyderabad_Shamshbd_H
Tiruchi_Navalur_H,S_Hyderabad_Shamshbd_H
Kolhapur_HupariRd_H,S_Hyderabad_Shamshbd_H
Aluva_Peedika_H,S_Hyderabad_Shamshbd_H
Ludhiana_Khakat_H,E_Hyderabad_Shamshbd_H
Madurai_Avaniyapuram_H,S_Hyderabad_Shamshbd_H
Tirunelveli_Krishnapuram_H,S_Hyderabad_Shamshbd_H
Chandigarh_Rajpura_GW,S_Jaipur_Sez_GW
Pune_Sudhwadi_GW,E_Jaipur_Sez_GW
Pune_Sudhwadi_GW,S_Jaipur_Sez_GW
Coimbatore_Kaniyur_H,S_Jaipur_Sez_GW
Coimbatore_Kaniyur_H,E_Jaipur_Sez_GW
Siliguri_Fulbari_H,E_Jaipur_Sez_GW
Siliguri_Fulbari_H,S_Jaipur_Sez_GW
Kanpur_Kataraghan_H,S_Jaipur_Sez_GW
Agra_Jaupura_H,S_Jaipur_Sez_GW
Agra_Jaupura_H,E_Jaipur_Sez_GW
Mumbai_Chndivli_PC,E_Jaipur_Sez_GW
Mumbai_Chndivli_PC,S_Jaipur_Sez_GW
Kolhapur_HupariRd_H,S_Jaipur_Sez_GW
Lucknow_Memaura_H,S_Jaipur_Sez_GW
Ludhiana_Khakat_H,S_Jaipur_Sez_GW
Bhiwandi_Mega_GW,S_Bangalore_Soukyaroad_I
Bhiwandi_Mega_GW,E_Bangalore_Soukyaroad_I
Pune_Sudhwadi_GW,S_Bangalore_Soukyaroad_I
Coimbatore_Kaniyur_H,S_Bangalore_Soukyaroad_I
Noida_Bairangpur_GW,S_Bangalore_Soukyaroad_I
Noida_Bairangpur_GW,E_Bangalore_Soukyaroad_I
Surat_Kacholi_GW,E_Bangalore_Soukyaroad_I
Surat_Kacholi_GW,S_Bangalore_Soukyaroad_I
Ahmedabad_Kanera_GW,E_Bangalore_Soukyaroad_I
Ahmedabad_Kanera_GW,S_Bangalore_Soukyaroad_I
Indore_BarodaArjun_H,S_Bangalore_Soukyaroad_I
Chennai_Sriperumbudur_GW,S_Bangalore_Soukyaroad_I
Nagpur_Khapari_GW,S_Bangalore_Soukyaroad_I
Bhiwandi_Lonad_GW,S_Bangalore_Soukyaroad_I
Bhiwandi_Lonad_GW,E_Bangalore_Soukyaroad_I
Faridabad_MathuraRoad_GW,E_Bangalore_Soukyaroad_I
Faridabad_MathuraRoad_GW,S_Bangalore_Soukyaroad_I
Rajkot_Amargadh_H,S_Bangalore_Soukyaroad_I
Kanpur_Kataraghan_H,S_Bangalore_Soukyaroad_I
Agra_Jaupura_H,S_Bangalore_Soukyaroad_I
Mumbai_Chndivli_PC,S_Bangalore_Soukyaroad_I
Mumbai_Chndivli_PC,E_Bangalore_Soukyaroad_I
Tiruchi_Navalur_H,S_Bangalore_Soukyaroad_I
Kolhapur_HupariRd_H,S_Bangalore_Soukyaroad_I
Ludhiana_Khakat_H,S_Bangalore_Soukyaroad_I
Bhopal_Pipaliya_H,S_Bangalore_Soukyaroad_I
Vijayawada_Gudavalli_H,E_Bangalore_Soukyaroad_I
Vijayawada_Gudavalli_H,S_Bangalore_Soukyaroad_I
Pune_Sudhwadi_GW,E_Chandigarh_Rajpura_GW
Patna_Sonagopalpur_H,S_Chandigarh_Rajpura_GW
Kolhapur_HupariRd_H,S_Chandigarh_Rajpura_GW
Rajahmundry_Rajanagaram_H,S_Chandigarh_Rajpura_GW
Aluva_Peedika_H,S_Chandigarh_Rajpura_GW
Lucknow_Memaura_H,S_Chandigarh_Rajpura_GW
Ludhiana_Khakat_H,S_Chandigarh_Rajpura_GW
Ludhiana_Khakat_H,E_Chandigarh_Rajpura_GW
Bhopal_Pipaliya_H,S_Chandigarh_Rajpura_GW
Tirunelveli_Krishnapuram_H,S_Chandigarh_Rajpura_GW
Pune_Sudhwadi_GW,S_Faridabad_MathuraRoad_GW
Bangalore_Soukyaroad_GW,E_Ahmedabad_Thaltej_H
Coimbatore_Kaniyur_H,E_Ahmedabad_Thaltej_H
Noida_Bairangpur_GW,E_Ahmedabad_Thaltej_H
Chennai_Sriperumbudur_GW,E_Ahmedabad_Thaltej_H
Hyderabad_Medchal_GW,E_Ahmedabad_Thaltej_H
Faridabad_MathuraRoad_GW,E_Ahmedabad_Thaltej_H
Bangalore_Soukyaroad_GW,S_Bangalore_SoukyaRoad_INTL
Guwahati_Kaikchi_GW,S_Bongaigaon_Chapaguri_I
Jaipur_Sez_GW,S_Delhi_Airport_INTL
Rajkot_Amargadh_H,S_Mumbai_MahapeMIDC_I
Kanpur_Kataraghan_H,S_Noida_Bairangpur_GW
Lucknow_Memaura_H,S_Jaipur_RingRoad_I
Ludhiana_Khakat_H,S_Jaipur_RingRoad_I
Sagar_Pagara_P,S_Agra_Jaupura_H
Sagar_Pagara_P,S_Ahmedabad_Kanera_GW
Tezpur_Dipota_H,S_Ahmedabad_Kanera_GW
Tezpur_Dipota_H,E_Ahmedabad_Kanera_GW
Hisar_Dabra_H,S_Ahmedabad_Kanera_GW
Chandigarh_Rajpura_I,S_Ahmedabad_Kanera_GW
Chandigarh_Rajpura_I,E_Ahmedabad_Kanera_GW
Panipat_Risalu_P,S_Ahmedabad_Kanera_GW
Sagar_Pagara_P,E_Bangalore_Soukyaroad_GW
Tezpur_Dipota_H,S_Bangalore_Soukyaroad_GW
Tezpur_Dipota_H,E_Bangalore_Soukyaroad_GW
Chandigarh_Rajpura_I,E_Bangalore_Soukyaroad_GW
Sagar_Pagara_P,S_Bangalore_Soukyaroad_I
Hisar_Dabra_H,S_Bangalore_Soukyaroad_I
Sagar_Pagara_P,S_Bhiwandi_Mega_GW
Tezpur_Dipota_H,S_Bhiwandi_Mega_GW
Tezpur_Dipota_H,E_Bhiwandi_Mega_GW
Panipat_Risalu_P,S_Bhiwandi_Mega_GW
Sagar_Pagara_P,S_Chandigarh_Rajpura_GW
Hisar_Dabra_H,S_Chandigarh_Rajpura_GW
Chandigarh_Rajpura_I,S_Chandigarh_Rajpura_GW
Sagar_Pagara_P,S_Chennai_Sriperumbudur_GW
Tezpur_Dipota_H,S_Chennai_Sriperumbudur_GW
Tezpur_Dipota_H,E_Chennai_Sriperumbudur_GW
Hisar_Dabra_H,S_Chennai_Sriperumbudur_GW
Chandigarh_Rajpura_I,S_Chennai_Sriperumbudur_GW
Chandigarh_Rajpura_I,E_Chennai_Sriperumbudur_GW
Sagar_Pagara_P,S_Coimbatore_Kaniyur_H
Hisar_Dabra_H,S_Coimbatore_Kaniyur_H
Panipat_Risalu_P,S_Coimbatore_Kaniyur_H
Sagar_Pagara_P,S_Gurgaon_Tauru_GW
Tezpur_Dipota_H,E_Gurgaon_Tauru_GW
Tezpur_Dipota_H,S_Gurgaon_Tauru_GW
Hisar_Dabra_H,S_Gurgaon_Tauru_GW
Hisar_Dabra_H,E_Gurgaon_Tauru_GW
Chandigarh_Rajpura_I,S_Gurgaon_Tauru_GW
Panipat_Risalu_P,S_Gurgaon_Tauru_GW
Sagar_Pagara_P,S_Hisar_Dabra_H
Sagar_Pagara_P,S_Hyderabad_Medchal_GW
Tezpur_Dipota_H,S_Hyderabad_Medchal_GW
Sagar_Pagara_P,S_Indore_BarodaArjun_H
Tezpur_Dipota_H,S_Indore_BarodaArjun_H
Hisar_Dabra_H,S_Indore_BarodaArjun_H
Sagar_Pagara_P,S_Kanpur_Kataraghan_H
Tezpur_Dipota_H,S_Kanpur_Kataraghan_H
Hisar_Dabra_H,S_Kanpur_Kataraghan_H
Chandigarh_Rajpura_I,S_Kanpur_Kataraghan_H
Sagar_Pagara_P,S_Kolkata_Dankuni_GW
Tezpur_Dipota_H,E_Kolkata_Dankuni_GW
Tezpur_Dipota_H,S_Kolkata_Dankuni_GW
Hisar_Dabra_H,S_Kolkata_Dankuni_GW
Sagar_Pagara_P,S_Lucknow_Memaura_H
Tezpur_Dipota_H,S_Lucknow_Memaura_H
Chandigarh_Rajpura_I,S_Lucknow_Memaura_H
Sagar_Pagara_P,S_Ludhiana_Khakat_H
Sagar_Pagara_P,S_Meerut_Panchlikhurd_H
Hisar_Dabra_H,S_Meerut_Panchlikhurd_H
Sagar_Pagara_P,E_Mumbai_Chndivli_PC
Panipat_Risalu_P,E_Mumbai_Chndivli_PC
Panipat_Risalu_P,S_Mumbai_Chndivli_PC
Sagar_Pagara_P,S_Nagpur_Khapari_GW
Hisar_Dabra_H,S_Nagpur_Khapari_GW
Panipat_Risalu_P,S_Nagpur_Khapari_GW
Sagar_Pagara_P,S_Pune_Sudhwadi_GW
Tezpur_Dipota_H,E_Pune_Sudhwadi_GW
Tezpur_Dipota_H,S_Pune_Sudhwadi_GW
Hisar_Dabra_H,S_Pune_Sudhwadi_GW
Sagar_Pagara_P,S_Rajkot_Amargadh_H
Sagar_Pagara_P,S_Siliguri_Fulbari_H
Tezpur_Dipota_H,S_Siliguri_Fulbari_H
Hisar_Dabra_H,S_Siliguri_Fulbari_H
Sagar_Pagara_P,S_Surat_Kacholi_I
Sagar_Pagara_P,S_Vadodara_Dashrath_H
Sagar_Pagara_P,S_Vijayawada_Gudavalli_H
Tezpur_Dipota_H,S_Chandigarh_Rajpura_I
Tezpur_Dipota_H,E_Chandigarh_Rajpura_I
Tezpur_Dipota_H,E_Delhi_Airport_GW
Chandigarh_Rajpura_I,E_Delhi_Airport_GW
Panipat_Risalu_P,E_Delhi_Airport_GW
Tezpur_Dipota_H,S_Guwahati_Kaikchi_GW
Hisar_Dabra_H,S_Guwahati_Kaikchi_GW
Tezpur_Dipota_H,E_Hyderabad_Shamshbd_P
Tezpur_Dipota_H,E_Jaipur_Sez_GW
Tezpur_Dipota_H,S_Jaipur_Sez_GW
Hisar_Dabra_H,S_Jaipur_Sez_GW
Tezpur_Dipota_H,E_Surat_Kacholi_GW
Tezpur_Dipota_H,S_Surat_Kacholi_GW
Hisar_Dabra_H,S_Aluva_Peedika_H
Hisar_Dabra_H,S_Bhiwandi_Lonad_GW
Hisar_Dabra_H,S_Hyderabad_Shamshbd_H
Chandigarh_Rajpura_I,S_Sonipat_WazidpurSaboli_P
Delhi_Airport_GW,S_Ahmedabad_Kanera_GW
Delhi_Airport_GW,E_Ahmedabad_Kanera_GW
Gurgaon_Tauru_GW,S_Ahmedabad_Kanera_GW
Gurgaon_Tauru_GW,E_Ahmedabad_Kanera_GW
Kolkata_Dankuni_GW,S_Ahmedabad_Kanera_GW
Kolkata_Dankuni_GW,E_Ahmedabad_Kanera_GW
Delhi_Airport_GW,E_Ahmedabad_Thaltej_H
Kolkata_Dankuni_GW,E_Ahmedabad_Thaltej_H
Delhi_Airport_GW,S_Aluva_Peedika_H
Delhi_Airport_GW,E_Aluva_Peedika_H
Gurgaon_Tauru_GW,S_Aluva_Peedika_H
Gurgaon_Tauru_GW,E_Aluva_Peedika_H
Kolkata_Dankuni_GW,E_Aluva_Peedika_H
Kolkata_Dankuni_GW,S_Aluva_Peedika_H
Delhi_Airport_GW,S_Bhiwandi_Lonad_GW
Delhi_Airport_GW,E_Bhiwandi_Lonad_GW
Gurgaon_Tauru_GW,S_Bhiwandi_Lonad_GW
Gurgaon_Tauru_GW,E_Bhiwandi_Lonad_GW
Kolkata_Dankuni_GW,S_Bhiwandi_Lonad_GW
Kolkata_Dankuni_GW,E_Bhiwandi_Lonad_GW
Delhi_Airport_GW,S_Chennai_Sriperumbudur_GW
Delhi_Airport_GW,E_Chennai_Sriperumbudur_GW
Gurgaon_Tauru_GW,S_Chennai_Sriperumbudur_GW
Gurgaon_Tauru_GW,E_Chennai_Sriperumbudur_GW
Kolkata_Dankuni_GW,S_Chennai_Sriperumbudur_GW
Kolkata_Dankuni_GW,E_Chennai_Sriperumbudur_GW
Delhi_Airport_GW,S_Coimbatore_Kaniyur_H
Delhi_Airport_GW,E_Coimbatore_Kaniyur_H
Gurgaon_Tauru_GW,S_Coimbatore_Kaniyur_H
Gurgaon_Tauru_GW,E_Coimbatore_Kaniyur_H
Kolkata_Dankuni_GW,S_Coimbatore_Kaniyur_H
Kolkata_Dankuni_GW,E_Coimbatore_Kaniyur_H
Delhi_Airport_GW,S_Delhi_Airport_INTL
Gurgaon_Tauru_GW,S_Delhi_Airport_INTL
Delhi_Airport_GW,S_Guwahati_Kaikchi_GW
Delhi_Airport_GW,E_Guwahati_Kaikchi_GW
Gurgaon_Tauru_GW,S_Guwahati_Kaikchi_GW
Gurgaon_Tauru_GW,E_Guwahati_Kaikchi_GW
Kolkata_Dankuni_GW,S_Guwahati_Kaikchi_GW
Kolkata_Dankuni_GW,E_Guwahati_Kaikchi_GW
Delhi_Airport_GW,S_Hyderabad_Medchal_GW
Delhi_Airport_GW,E_Hyderabad_Medchal_GW
Gurgaon_Tauru_GW,S_Hyderabad_Medchal_GW
Gurgaon_Tauru_GW,E_Hyderabad_Medchal_GW
Kolkata_Dankuni_GW,S_Hyderabad_Medchal_GW
Kolkata_Dankuni_GW,E_Hyderabad_Medchal_GW
Delhi_Airport_GW,S_Hyderabad_Shamshbd_H
Delhi_Airport_GW,E_Hyderabad_Shamshbd_H
Gurgaon_Tauru_GW,S_Hyderabad_Shamshbd_H
Gurgaon_Tauru_GW,E_Hyderabad_Shamshbd_H
Kolkata_Dankuni_GW,S_Hyderabad_Shamshbd_H
Kolkata_Dankuni_GW,E_Hyderabad_Shamshbd_H
Delhi_Airport_GW,S_Indore_BarodaArjun_H
Delhi_Airport_GW,E_Indore_BarodaArjun_H
Gurgaon_Tauru_GW,S_Indore_BarodaArjun_H
Gurgaon_Tauru_GW,E_Indore_BarodaArjun_H
Kolkata_Dankuni_GW,S_Indore_BarodaArjun_H
Kolkata_Dankuni_GW,E_Indore_BarodaArjun_H
Delhi_Airport_GW,S_Kanpur_Kataraghan_H
Gurgaon_Tauru_GW,S_Kanpur_Kataraghan_H
Kolkata_Dankuni_GW,S_Kanpur_Kataraghan_H
Kolkata_Dankuni_GW,E_Kanpur_Kataraghan_H
Delhi_Airport_GW,S_Kolkata_Dankuni_GW
Gurgaon_Tauru_GW,S_Kolkata_Dankuni_GW
Gurgaon_Tauru_GW,E_Kolkata_Dankuni_GW
Delhi_Airport_GW,E_Kolkata_Madhyamgram_H
Gurgaon_Tauru_GW,E_Kolkata_Madhyamgram_H
Delhi_Airport_GW,S_Lucknow_Memaura_H
Gurgaon_Tauru_GW,S_Lucknow_Memaura_H
Kolkata_Dankuni_GW,S_Lucknow_Memaura_H
Kolkata_Dankuni_GW,E_Lucknow_Memaura_H
Delhi_Airport_GW,S_Ludhiana_Khakat_H
Kolkata_Dankuni_GW,S_Ludhiana_Khakat_H
Kolkata_Dankuni_GW,E_Ludhiana_Khakat_H
Delhi_Airport_GW,E_Mumbai_Chndivli_PC
Gurgaon_Tauru_GW,S_Mumbai_Chndivli_PC
Gurgaon_Tauru_GW,E_Mumbai_Chndivli_PC
Kolkata_Dankuni_GW,S_Mumbai_Chndivli_PC
Kolkata_Dankuni_GW,E_Mumbai_Chndivli_PC
Delhi_Airport_GW,S_Nagpur_Khapari_GW
Delhi_Airport_GW,E_Nagpur_Khapari_GW
Gurgaon_Tauru_GW,E_Nagpur_Khapari_GW
Kolkata_Dankuni_GW,S_Nagpur_Khapari_GW
Kolkata_Dankuni_GW,E_Nagpur_Khapari_GW
Delhi_Airport_GW,S_Pune_Sudhwadi_GW
Delhi_Airport_GW,E_Pune_Sudhwadi_GW
Gurgaon_Tauru_GW,S_Pune_Sudhwadi_GW
Gurgaon_Tauru_GW,E_Pune_Sudhwadi_GW
Kolkata_Dankuni_GW,S_Pune_Sudhwadi_GW
Kolkata_Dankuni_GW,E_Pune_Sudhwadi_GW
Delhi_Airport_GW,S_Rajkot_Amargadh_H
Delhi_Airport_GW,E_Rajkot_Amargadh_H
Gurgaon_Tauru_GW,S_Rajkot_Amargadh_H
Gurgaon_Tauru_GW,E_Rajkot_Amargadh_H
Delhi_Airport_GW,S_Siliguri_Fulbari_H
Delhi_Airport_GW,E_Siliguri_Fulbari_H
Gurgaon_Tauru_GW,S_Siliguri_Fulbari_H
Gurgaon_Tauru_GW,E_Siliguri_Fulbari_H
Kolkata_Dankuni_GW,S_Siliguri_Fulbari_H
Delhi_Airport_GW,E_Surat_Kacholi_I
Delhi_Airport_GW,S_Surat_Kacholi_I
Gurgaon_Tauru_GW,S_Surat_Kacholi_I
Gurgaon_Tauru_GW,E_Surat_Kacholi_I
Kolkata_Dankuni_GW,E_Surat_Kacholi_I
Kolkata_Dankuni_GW,S_Surat_Kacholi_I
Delhi_Airport_GW,E_Vadodara_Dashrath_H
Delhi_Airport_GW,S_Vadodara_Dashrath_H
Gurgaon_Tauru_GW,S_Vadodara_Dashrath_H
Gurgaon_Tauru_GW,E_Vadodara_Dashrath_H
Kolkata_Dankuni_GW,E_Vadodara_Dashrath_H
Kolkata_Dankuni_GW,S_Vadodara_Dashrath_H
Delhi_Airport_GW,S_Vijayawada_Gudavalli_H
Delhi_Airport_GW,E_Vijayawada_Gudavalli_H
Gurgaon_Tauru_GW,S_Vijayawada_Gudavalli_H
Gurgaon_Tauru_GW,E_Vijayawada_Gudavalli_H
Kolkata_Dankuni_GW,S_Vijayawada_Gudavalli_H
Kolkata_Dankuni_GW,E_Vijayawada_Gudavalli_H
Gurgaon_Tauru_GW,S_Bangalore_Soukyaroad_I
Gurgaon_Tauru_GW,E_Bangalore_Soukyaroad_I
Kolkata_Dankuni_GW,S_Bangalore_Soukyaroad_I
Kolkata_Dankuni_GW,E_Bangalore_Soukyaroad_I
Gurgaon_Tauru_GW,S_Chandigarh_Rajpura_I
Gurgaon_Tauru_GW,E_Chennai_Hub
Gurgaon_Tauru_GW,S_Noida_Sector63D_I
Kolkata_Dankuni_GW,S_Chandigarh_Rajpura_GW
Kolkata_Dankuni_GW,E_Chandigarh_Rajpura_GW
Kolkata_Dankuni_GW,E_Delhi_Airport_GW
Kolkata_Dankuni_GW,S_Gurgaon_Tauru_GW
Kolkata_Dankuni_GW,S_Meerut_Panchlikhurd_H
Kolkata_Dankuni_GW,E_Meerut_Panchlikhurd_H
